date,close,returns,rsi_14,label,prob_up,pred
2025-03-11,82932.99,0.053714,40.31,1,0.4754038,0
2025-03-12,83680.12,0.008969,41.61,0,0.47313756,0
2025-03-13,81115.78,-0.031124,38.5,1,0.5692865,1
2025-03-14,83983.2,0.034739,43.58,1,0.45769474,0
2025-03-15,84338.44,0.004221,44.2,0,0.46367902,0
2025-03-16,82574.53,-0.021136,41.76,1,0.526342,1
2025-03-17,84010.03,0.017235,44.44,0,0.4613542,0
2025-03-18,82715.03,-0.015535,42.54,1,0.5241688,1
2025-03-19,86845.94,0.048734,49.91,0,0.45646256,0
2025-03-20,84223.39,-0.030663,45.89,0,0.5479052,1
2025-03-21,84088.79,-0.001599,45.68,0,0.5057115,1
2025-03-22,83840.59,-0.002956,45.28,1,0.48726347,0
2025-03-23,86082.5,0.026389,49.57,1,0.45321798,0
2025-03-24,87498.16,0.016312,52.11,0,0.47597522,0
2025-03-25,87392.87,-0.001204,51.9,0,0.48987678,0
2025-03-26,86909.17,-0.00555,50.89,1,0.49052528,0
2025-03-27,87232.01,0.003708,51.57,0,0.49139374,0
2025-03-28,84424.38,-0.032715,45.64,0,0.51733464,1
2025-03-29,82648.54,-0.021259,42.33,0,0.4999028,0
2025-03-30,82389.99,-0.003133,41.86,1,0.50308603,1
2025-03-31,82550.01,0.00194,42.29,1,0.48932958,0
2025-04-01,85158.34,0.031108,48.96,0,0.44224,0
2025-04-02,82516.29,-0.031517,43.48,1,0.52665496,1
2025-04-03,83213.09,0.008409,45.22,1,0.45344326,0
2025-04-04,83889.87,0.0081,46.93,0,0.4520212,0
2025-04-05,83537.99,-0.004203,46.12,0,0.48819318,0
2025-04-06,78430.0,-0.063095,36.36,1,0.5335855,1
2025-04-07,79163.24,0.009306,38.37,0,0.47314382,0
2025-04-08,76322.42,-0.036545,33.89,1,0.56840545,1
2025-04-09,82615.22,0.079227,48.3,0,0.46749413,0
2025-04-10,79607.3,-0.037088,43.43,1,0.56837887,1
2025-04-11,83423.84,0.046828,50.28,1,0.4552856,0
2025-04-12,85276.9,0.021969,53.24,0,0.4503669,0
2025-04-13,83760.0,-0.017948,50.58,1,0.5029843,1
2025-04-14,84591.58,0.009879,52.0,0,0.4837346,0
2025-04-15,83643.99,-0.011265,50.23,1,0.48939356,0
2025-04-16,84030.38,0.004609,50.97,1,0.44883996,0
2025-04-17,84947.91,0.01086,52.74,0,0.4518209,0
2025-04-18,84474.69,-0.005586,51.7,1,0.4865986,0
2025-04-19,85077.01,0.007105,52.97,1,0.47099778,0
2025-04-20,85179.24,0.001201,53.19,1,0.49541387,0
2025-04-21,87516.23,0.027067,58.12,1,0.50732785,1
2025-04-22,93442.99,0.065527,67.48,1,0.50546753,1
2025-04-23,93691.08,0.002651,67.8,1,0.5109951,1
2025-04-24,93980.47,0.003084,68.2,1,0.50582474,1
2025-04-25,94638.68,0.006979,69.14,0,0.5035046,1
2025-04-26,94628.0,-0.000113,69.1,0,0.52985084,1
2025-04-27,93749.3,-0.009329,66.09,1,0.52939856,1
2025-04-28,95011.18,0.01337,68.23,0,0.4995823,0
2025-04-29,94256.82,-0.007971,65.57,0,0.5385872,1
2025-04-30,94172.0,-0.0009,65.26,1,0.5187417,1
2025-05-01,96489.91,0.024316,69.48,1,0.51072896,1
2025-05-02,96887.14,0.004108,70.15,0,0.5027561,1
2025-05-03,95856.42,-0.010695,66.1,0,0.5294805,1
2025-05-04,94277.62,-0.016608,60.35,1,0.53617406,1
2025-05-05,94733.68,0.004826,61.39,1,0.47584236,0
2025-05-06,96834.02,0.021929,65.86,1,0.49725628,0
2025-05-07,97030.5,0.002027,66.25,1,0.51000804,1
2025-05-08,103261.6,0.06224,75.78,0,0.5105939,1
2025-05-09,102971.99,-0.002809,74.72,1,0.53111446,1
2025-05-10,104809.53,0.017688,76.92,0,0.50117147,1
2025-05-11,104118.0,-0.00662,74.3,0,0.5127154,1
2025-05-12,102791.32,-0.012824,69.42,1,0.53183997,1
2025-05-13,104103.72,0.012687,71.42,0,0.5105297,1
2025-05-14,103507.82,-0.005741,69.21,1,0.5355685,1
2025-05-15,103763.71,0.002469,69.64,0,0.52026016,1
2025-05-16,103463.9,-0.002894,68.42,0,0.52098686,1
2025-05-17,103126.65,-0.003265,67.0,1,0.53080255,1
2025-05-18,106454.26,0.031758,72.97,0,0.47366205,0
2025-05-19,105573.74,-0.008306,69.39,1,0.5322041,1
2025-05-20,106849.99,0.012016,71.57,1,0.4923352,0
2025-05-21,109643.99,0.025813,75.65,1,0.50864434,1
2025-05-22,111696.21,0.018544,78.13,0,0.50680155,1
2025-05-23,107318.3,-0.039984,63.31,1,0.56025535,1
2025-05-24,107761.91,0.004125,64.05,1,0.50224507,1
2025-05-25,109004.19,0.011462,66.12,1,0.460808,0
2025-05-26,109434.79,0.003943,66.84,0,0.4730629,0
2025-05-27,108938.17,-0.004548,65.13,0,0.5020553,1
2025-05-28,107781.78,-0.010672,61.22,0,0.5012652,1
2025-05-29,105589.75,-0.020547,54.53,0,0.5035804,1
2025-05-30,103985.48,-0.01531,50.2,1,0.5104178,1
2025-05-31,104591.88,0.005815,51.76,1,0.4734849,0
2025-06-01,105642.93,0.009999,54.42,1,0.4780336,0
2025-06-02,105857.99,0.002034,54.97,0,0.48161107,0
2025-06-03,105376.89,-0.004555,53.42,0,0.50368214,1
2025-06-04,104696.86,-0.006474,51.23,0,0.49822852,0
2025-06-05,101508.68,-0.030925,42.44,1,0.52602506,1
2025-06-06,104288.44,0.027016,50.43,1,0.44500765,0
2025-06-07,105552.15,0.012045,53.58,1,0.46224838,0
2025-06-08,105734.0,0.001721,54.03,1,0.4747708,0
2025-06-09,110263.02,0.041942,63.57,1,0.47798237,0
2025-06-10,110274.39,0.000103,63.59,0,0.49336216,0
2025-06-11,108645.12,-0.014885,58.53,0,0.48874775,0
2025-06-12,105671.73,-0.027749,50.61,1,0.5247506,1
2025-06-13,106066.59,0.00373,51.55,0,0.45697382,0
2025-06-14,105414.64,-0.006166,49.86,1,0.50228906,1
2025-06-15,105594.01,0.0017,50.34,1,0.46148914,0
2025-06-16,106794.53,0.011305,53.55,0,0.47055623,0
2025-06-17,104551.17,-0.02123,47.39,1,0.5021025,1
2025-06-18,104886.78,0.003205,48.35,0,0.45588556,0
2025-06-19,104658.59,-0.002178,47.71,0,0.5126963,1
2025-06-20,103297.99,-0.013086,44.0,0,0.51416934,1
2025-06-21,102120.01,-0.011469,41.02,0,0.5159772,1
2025-06-22,100963.87,-0.011386,38.28,1,0.5159772,1
2025-06-23,105333.93,0.042373,51.47,1,0.4609259,0
2025-06-24,106083.0,0.007086,53.31,1,0.4573014,0
2025-06-25,107340.58,0.011785,56.31,0,0.4799831,0
2025-06-26,106947.06,-0.003673,55.12,1,0.5006285,1
2025-06-27,107047.59,0.00094,55.38,1,0.4814759,0
2025-06-28,107296.79,0.002325,56.06,1,0.49226567,0
2025-06-29,108356.93,0.009832,58.92,0,0.48654166,0
2025-06-30,107146.5,-0.011234,54.55,0,0.51416934,1
2025-07-01,105681.14,-0.013771,49.73,1,0.51416934,1
2025-07-02,108849.6,0.029541,58.3,1,0.4812356,0
2025-07-03,109584.78,0.006731,60.01,0,0.47956386,0
2025-07-04,107984.24,-0.014713,54.76,1,0.49561003,0
2025-07-05,108198.12,0.001979,55.32,1,0.49226567,0
2025-07-06,109203.84,0.009252,57.97,0,0.48654166,0
2025-07-07,108262.94,-0.008653,54.7,1,0.49561003,0
2025-07-08,108922.98,0.006078,56.55,1,0.4992128,0
2025-07-09,111233.99,0.020995,62.34,1,0.5390953,1
2025-07-10,116010.0,0.04204,70.96,1,0.5006841,1
2025-07-11,117527.66,0.012997,73.07,0,0.51934254,1
2025-07-12,117420.0,-0.000916,72.66,1,0.49448502,0
2025-07-13,119086.64,0.014094,74.97,1,0.49236265,0
2025-07-14,119841.18,0.006316,75.95,0,0.53253984,1
2025-07-15,117758.09,-0.017535,67.98,1,0.53411996,1
2025-07-16,118630.43,0.007381,69.43,1,0.47910187,0
2025-07-17,119177.56,0.004601,70.33,0,0.50013363,1
2025-07-18,117924.84,-0.010567,65.55,0,0.5352701,1
2025-07-19,117840.0,-0.00072,65.22,0,0.5384379,1
2025-07-20,117265.12,-0.00489,62.95,1,0.5316911,1
2025-07-21,117380.36,0.000982,63.23,1,0.53328013,1
2025-07-22,119954.42,0.021692,68.82,0,0.5330406,1
2025-07-23,118755.99,-0.010041,63.95,0,0.5270131,1
2025-07-24,118340.99,-0.003501,62.3,0,0.51353735,1
2025-07-25,117614.31,-0.006159,59.42,1,0.50407505,1
2025-07-26,117919.99,0.002596,60.25,1,0.5202975,1
2025-07-27,119415.55,0.012603,64.13,0,0.5183855,1
2025-07-28,118062.32,-0.011397,58.56,0,0.511899,1
2025-07-29,117950.76,-0.000945,58.11,0,0.51651114,1
2025-07-30,117840.3,-0.000937,57.64,0,0.51651114,1
2025-07-31,115764.08,-0.017776,49.52,0,0.511899,1
2025-08-01,113297.93,-0.021533,41.97,0,0.50948894,1
2025-08-02,112546.35,-0.006656,39.96,1,0.50948894,1
2025-08-03,114208.8,0.014663,46.09,1,0.47530702,0
2025-08-04,115055.03,0.007382,48.95,0,0.47070536,0
2025-08-05,114129.75,-0.008075,46.07,1,0.52127635,1
2025-08-06,114992.27,0.007529,49.07,1,0.47851115,0
2025-08-07,117472.01,0.021335,56.56,0,0.4992128,0
2025-08-08,116674.74,-0.00681,53.82,0,0.511899,1
2025-08-09,116462.25,-0.001823,53.08,1,0.5102248,1
2025-08-10,119294.01,0.024024,60.8,0,0.52663374,1
2025-08-11,118686.0,-0.00511,58.57,1,0.511899,1
2025-08-12,120134.08,0.012127,62.13,1,0.52830297,1
2025-08-13,123306.43,0.026064,68.51,0,0.5006841,1
2025-08-14,118295.09,-0.04149,53.25,0,0.52996814,1
2025-08-15,117342.05,-0.008089,50.92,1,0.48874775,0
2025-08-16,117380.66,0.000329,51.02,1,0.49122706,0
2025-08-17,117405.01,0.000207,51.08,0,0.49122706,0
2025-08-18,116227.05,-0.010084,47.87,0,0.48874775,0
2025-08-19,112872.94,-0.029283,40.13,1,0.5301491,1
2025-08-20,114271.24,0.012312,44.18,0,0.46460322,0
2025-08-21,112500.0,-0.015622,40.44,1,0.5159772,1
2025-08-22,116935.99,0.038673,51.5,0,0.4609259,0
2025-08-23,115438.05,-0.012893,48.24,0,0.4968794,0
2025-08-24,113493.59,-0.016988,44.32,0,0.49633032,0
2025-08-25,110111.98,-0.030249,38.47,1,0.53536,1
2025-08-26,111763.22,0.014885,42.47,0,0.4806022,0
2025-08-27,111262.01,-0.004495,41.58,1,0.49846923,0
2025-08-28,112566.9,0.01166,44.8,0,0.45437363,0
2025-08-29,108377.4,-0.037928,37.64,1,0.5402299,1
2025-08-30,108816.33,0.004042,38.74,0,0.48406816,0
2025-08-31,108246.35,-0.005252,37.8,1,0.52176183,1
2025-09-01,109237.42,0.009114,40.5,1,0.48608974,0
2025-09-02,111240.01,0.018166,45.63,1,0.45926964,0
2025-09-03,111705.71,0.004178,46.77,0,0.4594839,0
2025-09-04,110730.87,-0.008765,44.65,0,0.49075118,0
2025-09-05,110659.99,-0.00064,44.49,0,0.50495195,1
2025-09-06,110187.97,-0.004275,43.39,1,0.51073295,1
2025-09-07,111137.34,0.008579,46.27,1,0.45221537,0
2025-09-08,112065.23,0.008314,49.01,0,0.45221537,0
2025-09-09,111546.39,-0.004641,47.55,1,0.5121134,1
2025-09-10,113960.0,0.021407,54.36,1,0.5063659,1
2025-09-11,115482.69,0.013273,58.05,1,0.51472086,1
2025-09-12,116029.42,0.004723,59.33,0,0.5158249,1
2025-09-13,115918.29,-0.000958,58.94,0,0.5020814,1
2025-09-14,115268.01,-0.005626,56.58,1,0.50423217,1
2025-09-15,115349.71,0.000709,56.81,1,0.5191459,1
2025-09-16,116788.96,0.0124,60.81,0,0.50085443,1
2025-09-17,116447.59,-0.002927,59.41,1,0.5147343,1
2025-09-18,117073.53,0.005361,61.18,0,0.51016796,1
2025-09-19,115632.38,-0.012386,55.21,1,0.50423217,1
2025-09-20,115685.63,0.00046,55.38,0,0.5191459,1
2025-09-21,115232.29,-0.003926,53.48,0,0.50423217,1
2025-09-22,112650.99,-0.022656,44.2,0,0.5147343,1
2025-09-23,111998.8,-0.005806,42.21,1,0.5215351,1
2025-09-24,113307.0,0.011613,47.34,0,0.45708317,0
2025-09-25,108994.49,-0.038804,35.99,1,0.5648468,1
2025-09-26,109643.46,0.005936,38.39,0,0.48462015,0
2025-09-27,109635.85,-6.9e-05,38.37,1,0.52099526,1
2025-09-28,112163.95,0.022797,47.27,1,0.44081482,0
2025-09-29,114311.96,0.01897,53.42,0,0.44839358,0
2025-09-30,114048.93,-0.002304,52.61,1,0.49384144,0
2025-10-01,118594.99,0.039087,63.04,1,0.49904186,0
2025-10-02,120529.35,0.016179,66.43,1,0.50774825,1
2025-10-03,122232.0,0.014028,69.11,1,0.48962116,0
2025-10-04,122391.0,0.0013,69.36,1,0.51068115,1
2025-10-05,123482.31,0.008877,71.06,1,0.48651537,0
2025-10-06,124658.54,0.00948,72.82,0,0.48977435,0
2025-10-07,121332.95,-0.02704,61.46,1,0.57461554,1
2025-10-08,123306.0,0.016131,64.96,0,0.4873813,0
2025-10-09,121662.4,-0.013419,60.07,0,0.52685505,1
2025-10-10,112774.5,-0.07586,41.78,0,0.5787245,1
2025-10-11,110644.4,-0.019069,38.74,1,0.53520155,1
2025-10-12,114958.8,0.038252,47.14,1,0.45994794,0
2025-10-13,115166.0,0.001801,47.51,0,0.5040889,1
2025-10-14,113028.14,-0.018738,44.06,0,0.5273707,1
2025-10-15,110763.28,-0.020242,40.69,0,0.53520155,1
2025-10-16,108194.28,-0.023467,37.22,0,0.53520155,1
2025-10-17,106431.68,-0.016425,35.01,1,0.53520155,1
2025-10-18,107185.01,0.007053,36.74,1,0.48124474,0
2025-10-19,108642.78,0.013509,40.06,1,0.48124474,0
2025-10-20,110532.09,0.017241,44.15,0,0.4712179,0
2025-10-21,108297.67,-0.020422,40.62,0,0.53640354,1
2025-10-22,107567.44,-0.006766,39.51,1,0.53640354,1
2025-10-23,110078.18,0.023073,45.08,1,0.46179664,0
2025-10-24,111004.89,0.008383,47.02,1,0.4485158,0
2025-10-25,111646.27,0.005761,48.38,1,0.4671589,0
2025-10-26,114559.4,0.025758,54.13,0,0.5037211,1
2025-10-27,114107.65,-0.003951,53.14,0,0.5378209,1
2025-10-28,112898.45,-0.010654,50.48,0,0.5016095,1
2025-10-29,110021.29,-0.025815,44.74,0,0.5424684,1
2025-10-30,108322.88,-0.015557,41.73,1,0.52423364,1
2025-10-31,109608.01,0.011794,44.76,1,0.4627018,0
2025-11-01,110098.1,0.004461,45.92,1,0.44941664,0
2025-11-02,110540.68,0.004012,47.0,0,0.44941664,0
2025-11-03,106583.04,-0.036459,39.42,0,0.56601775,1
2025-11-04,101497.22,-0.048893,32.24,1,0.55237424,1
2025-11-05,103885.16,0.023255,37.96,0,0.4880488,0
2025-11-06,101346.04,-0.024745,34.61,1,0.56586933,1
2025-11-07,103339.08,0.019475,39.14,0,0.47911292,0
2025-11-08,102312.94,-0.009979,37.7,1,0.53934956,1
2025-11-09,104722.96,0.023282,43.03,1,0.48622504,0
2025-11-10,106011.13,0.012226,45.71,0,0.4753772,0
2025-11-11,103058.99,-0.028243,40.96,0,0.5787245,1
2025-11-12,101654.37,-0.013723,38.89,0,0.53520155,1
2025-11-13,99692.02,-0.019493,36.14,0,0.53520155,1
2025-11-14,94594.0,-0.052492,30.17,1,0.57906276,1
2025-11-15,95596.24,0.010539,32.53,0,0.4844334,0
2025-11-16,94261.44,-0.014061,31.03,0,0.53913605,1
2025-11-17,92215.14,-0.021948,28.83,1,0.53674865,1
2025-11-18,92960.83,0.008054,30.76,0,0.4892771,0
2025-11-19,91554.96,-0.015239,29.15,0,0.53674865,1
2025-11-20,86637.23,-0.05521,24.37,0,0.5837526,1
2025-11-21,85129.43,-0.017557,23.12,0,0.53674865,1
2025-11-22,84739.74,-0.004588,22.8,1,0.53674865,1
2025-11-23,86830.0,0.024368,28.61,1,0.4844334,0
2025-11-24,88300.01,0.016788,32.46,0,0.4844334,0
2025-11-25,87369.96,-0.010589,31.31,1,0.53640354,1
2025-11-26,90484.02,0.035022,39.1,1,0.48205802,0
2025-11-27,91333.95,0.009349,41.06,0,0.48205802,0
2025-11-28,90890.7,-0.004865,40.33,0,0.53640354,1
2025-11-29,90802.44,-0.000972,40.18,0,0.5319881,1
2025-11-30,90360.0,-0.004884,39.37,0,0.53520155,1
2025-12-01,86286.01,-0.046134,32.83,1,0.57906276,1
2025-12-02,91277.88,0.056241,44.91,1,0.46179664,0
2025-12-03,93429.95,0.023303,49.15,0,0.44081482,0
2025-12-04,92078.06,-0.014575,46.72,0,0.49815562,0
2025-12-05,89330.04,-0.030299,42.15,0,0.5511958,1
2025-12-06,89236.79,-0.001044,42.0,1,0.46155506,0
2025-12-07,90395.31,0.012899,44.64,1,0.31787178,0
2025-12-08,90634.34,0.002641,45.19,1,0.30830902,0
2025-12-09,92678.8,0.022307,49.82,0,0.31517848,0
2025-12-10,92015.37,-0.007184,48.39,1,0.38993633,0
2025-12-11,92513.38,0.005398,49.56,0,0.2027537,0
2025-12-12,90268.42,-0.024566,44.65,0,0.4245982,0
2025-12-13,90240.01,-0.000315,44.59,0,0.4403841,0
2025-12-14,88172.17,-0.023182,40.33,0,0.61507416,1
2025-12-15,86432.08,-0.019932,37.11,1,0.6324944,1
2025-12-16,87863.42,0.016425,41.26,0,0.536887,1
2025-12-17,86243.22,-0.018612,38.19,0,0.6733988,1
2025-12-18,85516.41,-0.008463,36.87,1,0.5846813,1
2025-12-19,88136.94,0.030183,44.36,1,0.34997728,0
2025-12-20,88360.9,0.002538,44.96,1,0.4675684,0
2025-12-21,88658.86,0.003366,45.8,0,0.4574646,0
2025-12-22,88620.79,-0.000429,45.71,0,0.35746005,0
2025-12-23,87486.0,-0.012888,42.83,1,0.6675905,1
2025-12-24,87669.45,0.002095,43.45,0,0.43948472,0
2025-12-25,87225.27,-0.005079,42.25,1,0.7755637,1
2025-12-26,87369.56,0.001653,42.8,1,0.7397603,1
2025-12-27,87877.01,0.005791,44.8,1,0.60078263,1
2025-12-28,87952.71,0.000861,45.1,0,0.60269433,1
2025-12-29,87237.13,-0.008169,42.68,1,0.69839346,1
2025-12-30,88485.49,0.014209,47.93,0,0.4833034,0
2025-12-31,87648.22,-0.009507,44.96,1,0.56771624,1
2026-01-01,88839.04,0.013495,49.73,1,0.60486543,1
2026-01-02,89995.13,0.012929,53.91,1,0.3206396,0
2026-01-03,90628.01,0.007008,56.07,1,0.4311998,0
2026-01-04,91529.73,0.009901,59.0,1,0.39047405,0
2026-01-05,93859.71,0.025137,65.44,0,0.6772129,1
2026-01-06,93747.97,-0.001191,64.91,0,0.6670347,1
2026-01-07,91364.16,-0.025757,54.79,0,0.4222092,0
2026-01-08,91099.99,-0.002896,53.79,0,0.5198131,1
2026-01-09,90641.28,-0.005048,52.01,0,0.6551692,1
2026-01-10,90504.7,-0.001508,51.47,1,0.7048205,1
2026-01-11,91013.65,0.005608,53.43,1,0.5825179,1
2026-01-12,91296.2,0.0031,54.52,1,0.5870927,1
2026-01-13,95414.0,0.044116,66.8,1,0.6910189,1
2026-01-14,96951.78,0.015988,70.05,0,0.6267815,1
2026-01-15,95604.8,-0.013991,64.13,0,0.51528186,1
2026-01-16,95550.94,-0.000564,63.9,0,0.5552836,1
2026-01-17,95147.77,-0.004228,62.08,0,0.50960666,1
2026-01-18,93673.14,-0.01562,55.83,0,0.49315047,0
2026-01-19,92631.0,-0.011188,51.86,0,0.5924046,1
2026-01-20,88427.66,-0.046439,39.61,1,0.6781453,1
2026-01-21,89454.73,0.011548,43.14,1,0.5027133,1
2026-01-22,89559.67,0.001172,43.51,1,0.5723842,1
2026-01-23,89600.26,0.000453,43.66,0,0.5549952,1
2026-01-24,89225.34,-0.004193,42.53,0,0.5779793,1
2026-01-25,86670.36,-0.029053,35.77,1,0.6965735,1
2026-01-26,88347.08,0.019161,42.26,1,0.5227604,1
2026-01-27,89250.0,0.010168,45.45,1,0.37627268,0
2026-01-28,89299.99,0.00056,45.63,0,0.5080331,1
2026-01-29,84650.16,-0.053474,34.33,0,0.72902995,1
2026-01-30,84260.49,-0.004614,33.58,0,0.66476893,1
2026-01-31,78741.09,-0.067748,25.18,0,0.5990333,1
2026-02-01,76968.21,-0.022773,23.17,1,0.7149809,1
2026-02-02,78738.61,0.022741,29.23,0,0.6452975,1
2026-02-03,75770.21,-0.038428,25.59,0,0.71785057,1
2026-02-04,73165.83,-0.034977,22.89,0,0.7972993,1
2026-02-05,62909.86,-0.151026,15.82,1,0.6007787,1
2026-02-06,70580.26,0.115048,32.59,0,0.37107822,0
2026-02-07,69289.38,-0.018459,31.46,1,0.6858831,1
2026-02-08,70330.38,0.014912,33.47,0,0.47260222,0
2026-02-09,70138.0,-0.002739,33.27,0,0.5501139,1
2026-02-10,68841.29,-0.018661,31.93,0,0.67237604,1
2026-02-11,67082.52,-0.02588,30.14,0,0.66051793,1
2026-02-12,66272.17,-0.012153,29.33,1,0.5695396,1
2026-02-13,68853.96,0.038218,35.31,1,0.5543288,1
2026-02-14,69822.95,0.013975,37.46,0,0.52106684,1
2026-02-15,68832.58,-0.014286,36.14,1,0.45470506,0
2026-02-16,68892.43,0.000869,36.28,0,0.5559805,1
2026-02-17,67503.52,-0.020367,34.33,0,0.7325083,1
2026-02-18,66461.0,-0.015564,32.89,1,0.6506415,1
2026-02-19,67003.73,0.008133,34.43,1,0.48328936,0
2026-02-20,68020.01,0.015054,37.32,0,0.42258602,0
2026-02-21,67975.93,-0.000648,37.25,0,0.5462867,1
2026-02-22,67643.4,-0.004904,36.63,0,0.55190253,1
2026-02-23,64656.02,-0.045169,31.61,0,0.49059895,0
2026-02-24,64058.15,-0.00929,30.7,1,0.3498287,0
2026-02-25,67988.04,0.059541,42.41,0,0.5094182,1
2026-02-26,67485.18,-0.007424,41.44,0,0.37613013,0
2026-02-27,65872.1,-0.024193,38.42,1,0.5212249,1
2026-02-28,66973.26,0.016578,41.55,0,0.318688,0
2026-03-01,65776.47,-0.018031,39.22,1,0.36923978,0
2026-03-02,68830.06,0.045378,47.35,0,0.3289138,0
2026-03-03,68338.0,-0.007175,46.27,1,0.24938689,0
2026-03-04,72666.77,0.061418,55.77,0,0.47714993,0
2026-03-05,71228.01,-0.019998,52.45,0,0.27789825,0
