date,close,returns,label,rsi_14,macd,bb_upper,bb_lower,sma_7,sma_30,sentiment_avg,fear_greed,buy_hold,model,random,pred,in_market
2024-10-01,60805.78,-0.040636,0,45.81,1218.738802,67306.54974308,57534.66025692,64241.33285714,60473.08766667,0.0,50.0,9990.0,10000.0,10000.0,0,0
2024-10-02,60649.28,-0.002577,1,45.31,917.797337,67084.60972728,58008.29627272,63883.8,60523.65933333,0.0,42.0,9964.288052879183,10000.0,9964.288052879183,0,0
2024-10-03,60752.71,0.001704,1,45.73,679.808585,67074.51272766,58043.86427234,63252.18857143,60632.492,0.0,37.0,9981.280939081778,10000.0,9954.323764826304,0,0
2024-10-04,62086.0,0.021709,0,50.91,591.96237,67023.06044418,58304.61355582,62725.91,60769.662,0.0,41.0,10200.33194212787,10000.0,9954.323764826304,0,0
2024-10-05,62058.0,-0.000451,1,50.81,514.15736,66855.36889104,58764.90510896,62183.05285714,60965.59533333,0.0,49.0,10195.731721556735,10000.0,9954.323764826304,0,0
2024-10-06,62819.91,0.012203,0,53.73,508.118822,66459.98462687,59620.88137313,61785.61,61260.82666667,0.0,50.0,10320.908652105114,10000.0,10066.460299948956,0,0
2024-10-07,62224.0,-0.009531,0,51.17,450.060265,66334.41991221,59937.44708779,61627.95428571,61529.598,0.0,50.0,10223.004457799902,10000.0,10056.393839649007,0,0
2024-10-08,62160.49,-0.001021,0,50.89,394.377575,66323.03409969,59988.88290031,61821.48428571,61772.616,0.0,49.0,10212.570171783012,10000.0,10056.393839649007,0,0
2024-10-09,60636.02,-0.02483,0,44.61,224.647062,66402.18363387,59678.53636613,61819.59,61892.41666667,0.0,49.0,9962.109519851569,9744.9978241806,10056.393839649007,1,1
2024-10-10,60326.39,-0.005119,1,43.44,64.407405,66468.75461513,59324.49938487,61758.68714286,61982.09666667,0.0,39.0,9911.239295014391,9735.25282635642,9995.03712195324,0,0
2024-10-11,62540.0,0.036037,1,52.95,114.713801,66425.05945041,59287.29854959,61823.54428571,62155.49666667,0.0,32.0,10274.921232817014,9735.25282635642,9985.042084831288,0,0
2024-10-12,63206.22,0.010596,0,55.39,205.966119,66394.42163278,59280.68236722,61987.57571429,62324.62666667,0.0,49.0,10384.376909563534,9735.25282635642,9985.042084831288,0,0
2024-10-13,62870.02,-0.005333,1,53.87,248.293535,66363.14809659,59264.95890341,61994.73428571,62403.694,0.0,50.0,10329.14140399153,9735.25282635642,9985.042084831288,0,0
2024-10-14,66083.99,0.049857,1,64.0,535.011556,66695.94896939,59114.28703061,62546.16142857,62606.726,0.0,48.0,10857.176079313516,9735.25282635642,9985.042084831288,0,0
2024-10-15,67074.14,0.014872,1,66.45,832.537509,67326.71185085,58875.73714915,63248.11142857,62871.464,0.0,65.0,11019.851379260328,9735.25282635642,10124.51537192536,0,0
2024-10-16,67620.01,0.008105,0,67.75,1099.699466,67826.36091464,58620.69008536,64245.82428571,63184.998,0.0,73.0,11109.534322230553,9735.25282635642,10114.390856553435,0,0
2024-10-17,67421.78,-0.002936,1,66.73,1280.668983,68154.0917655,58458.1422345,65259.45142857,63421.92433333,0.0,71.0,11076.966403522825,9735.25282635642,10074.655489246345,0,0
2024-10-18,68428.0,0.014814,0,69.24,1488.12796,68686.78277729,58182.45122271,66100.59428571,63644.19133333,0.0,73.0,11242.281901490289,9735.25282635642,10225.012241120732,0,0
2024-10-19,68378.0,-0.000731,1,68.97,1629.719718,69200.12073244,57946.71226756,66839.42,63825.19166667,0.0,72.0,11234.067221898973,9735.25282635642,10217.54087542166,0,0
2024-10-20,69031.99,0.009519,0,70.63,1774.25127,69988.67706801,57728.59593199,67719.70142857,64019.55633333,0.0,73.0,11341.513588017457,9735.25282635642,10207.32333454624,0,0
2024-10-21,67377.5,-0.024259,1,61.63,1735.286744,70332.75112392,58041.69387608,67904.48857143,64153.841,0.0,72.0,11069.691483276754,9735.25282635642,9952.72168809585,0,0
2024-10-22,67426.0,0.00072,0,61.78,1688.852581,70597.07984273,58455.03715727,67954.75428571,64282.08233333,0.0,70.0,11077.65972248033,9735.25282635642,9942.768966407753,0,0
2024-10-23,66668.65,-0.011296,1,57.88,1572.81097,70691.9366043,58951.7743957,67818.84571429,64393.03766667,0.0,71.0,10953.231970710678,9735.25282635642,9821.25757523875,0,0
2024-10-24,68198.28,0.022685,0,62.97,1585.993173,71034.14968897,59220.78931103,67929.77428571,64524.22366667,0.0,69.0,11204.540377575946,9735.25282635642,10046.59422484561,0,0
2024-10-25,66698.33,-0.022239,1,55.85,1458.592982,71121.2741569,59597.6978431,67682.67857143,64642.43433333,0.0,72.0,10958.108204516082,9735.25282635642,9825.629869035505,0,0
2024-10-26,67092.76,0.005896,1,57.22,1373.620377,71254.74045208,59891.51654792,67499.07285714,64706.39333333,0.0,49.0,11022.91052594013,9735.25282635642,9883.735119785315,0,0
2024-10-27,68021.7,0.013751,1,60.34,1365.496081,71415.2831676,60310.7438324,67354.74571429,64781.45166667,0.0,74.0,11175.529415131257,9735.25282635642,10020.581433786609,0,0
2024-10-28,69962.21,0.028128,1,65.93,1498.368201,71806.34336231,60699.85563769,67723.99,64918.25866667,0.0,72.0,11494.34277300612,9735.25282635642,10306.446657356108,0,0
2024-10-29,72736.42,0.038887,0,72.01,1806.69937,72470.95884548,61245.28015452,68482.62142857,65156.07233333,0.0,72.0,11950.127698386566,9735.25282635642,10715.127963754287,0,0
2024-10-30,72344.74,-0.005399,0,70.11,1996.43508,72687.72937201,62230.34462799,69293.49142857,65456.644,0.0,77.0,11885.777184340042,9735.25282635642,10657.427827827289,0,0
2024-10-31,70292.01,-0.028785,0,61.01,1958.586475,72673.87255222,63019.40244778,69592.59571429,65772.85166667,0.0,77.0,11548.526799590432,9735.25282635642,10646.770399999461,0,0
2024-11-01,69496.01,-0.011389,0,57.88,1843.114361,72511.42823196,63810.82576804,69992.26428571,66067.74266667,0.0,75.0,11417.749100496694,9735.25282635642,10646.770399999461,0,0
2024-11-02,69374.74,-0.001747,0,57.4,1721.966643,72077.45718763,64895.26881237,70318.26142857,66355.14366667,0.0,72.0,11397.82521661592,9735.25282635642,10617.563676120675,0,0
2024-11-03,68775.99,-0.008668,0,54.95,1559.663256,72030.11299513,65211.81300487,70426.01714286,66578.14333333,0.0,74.0,11299.454428509922,9735.25282635642,10525.927062403965,0,0
2024-11-04,67850.01,-0.013555,1,51.32,1340.861191,72011.97653254,65307.53646746,70124.27428571,66771.21033333,0.0,70.0,11147.321848350599,9735.25282635642,10384.20903055528,0,0
2024-11-05,69372.01,0.022184,1,56.42,1275.567709,72076.66203878,65418.05096122,69643.64428571,66989.61366667,0.0,70.0,11397.376695110232,9735.25282635642,10373.824821524724,0,0
2024-11-06,75571.99,0.085602,1,70.15,1704.460761,73606.89152374,64702.84247626,70104.68,67434.54666667,0.0,70.0,12415.993678561477,9735.25282635642,11289.663008010642,0,0
2024-11-07,75857.89,0.003776,1,70.61,2043.870865,74873.06731597,64179.65568403,70899.80571429,67891.12666667,0.0,77.0,12462.965216464616,9735.25282635642,11278.373345002632,0,0
2024-11-08,76509.78,0.008557,1,71.68,2338.501107,76087.66811129,63778.23288871,71901.77285714,68420.252,0.0,75.0,12570.066566040265,9735.25282635642,11278.373345002632,0,0
2024-11-09,76677.46,0.002189,1,71.97,2556.063364,77146.83204299,63483.61595701,72945.01857143,68965.28766667,0.0,75.0,12597.615315517702,9735.25282635642,11278.373345002632,0,0
2024-11-10,80370.01,0.047033,1,77.34,2991.95159,78987.38169708,62942.31730292,74601.30714286,69559.62133333,0.0,78.0,13204.277618015918,9735.25282635642,11278.373345002632,0,0
2024-11-11,88647.99,0.098032,0,84.51,3959.714826,83108.09412518,60943.80387482,77572.44714286,70407.68033333,0.0,76.0,14564.296685282223,9735.25282635642,11278.373345002632,0,0
2024-11-12,87952.01,-0.007882,1,82.15,4617.289157,85950.95853332,60229.27546668,80226.73285714,71243.74666667,0.0,80.0,14449.951631242951,9735.25282635642,11178.636420500696,0,0
2024-11-13,90375.2,0.027179,0,83.84,5273.166948,88966.7027304,59431.2232696,82341.47714286,72053.45366667,0.0,84.0,14848.066220020532,9735.25282635642,11486.622104827786,0,0
2024-11-14,87325.59,-0.034326,1,74.32,5483.664512,90658.82865804,59801.82334196,83979.72,72728.502,0.0,88.0,14347.034839451118,9735.25282635642,11099.018894687128,0,0
2024-11-15,91032.07,0.041568,0,77.64,5881.76597,92878.20350577,59976.37949423,86054.33285714,73508.904,0.0,80.0,14955.985751683476,9735.25282635642,11570.10980346633,0,0
2024-11-16,90586.92,-0.004902,0,76.36,6091.129609,94661.32902978,60449.77597022,88041.39857143,74281.07533333,0.0,86.0,14882.850459281995,9735.25282635642,11513.531562644022,0,0
2024-11-17,89855.99,-0.008102,1,74.2,6127.438561,96104.60724277,60995.87575723,89396.53857143,74995.34166667,0.0,90.0,14762.763344208395,9735.25282635642,11502.018031081378,0,0
2024-11-18,90464.08,0.006745,1,74.84,6134.56599,97536.72845384,61336.52054616,89655.98,75731.54433333,0.0,83.0,14862.66863446205,9735.25282635642,11568.276748671546,0,0
2024-11-19,92310.79,0.020208,1,76.72,6217.556471,99082.24953304,61787.60446696,90278.66285714,76507.50433333,0.0,90.0,15166.071253423603,9735.25282635642,11804.42851580983,0,0
2024-11-20,94286.56,0.021178,1,78.57,6369.333442,100618.77295316,62650.53604684,90837.42857143,77404.473,0.0,83.0,15490.67760334626,9735.25282635642,11792.62408729402,0,0
2024-11-21,98317.12,0.04186,1,81.75,6737.18818,102549.36142759,63602.05857241,92407.64714286,78434.177,0.0,82.0,16152.872782817683,9735.25282635642,12284.438213334659,0,0
2024-11-22,98892.0,0.00583,0,82.16,6994.475759,104126.98584455,64976.16015545,93530.49428571,79508.28866667,0.0,94.0,16247.32188288679,9735.25282635642,12272.153775121324,0,0
2024-11-23,97672.4,-0.012409,1,78.18,7019.055192,104924.07692816,67068.71007184,94542.70571429,80490.75933333,0.0,93.0,16046.94941829543,9735.25282635642,12108.684844808222,0,0
2024-11-24,97900.04,0.002328,0,78.39,6976.482666,105084.63713457,69913.15286543,95691.85571429,81530.81633333,0.0,80.0,16084.349211538767,9735.25282635642,12096.576159963413,0,0
2024-11-25,93010.01,-0.05124,0,64.09,6473.536184,104191.9300635,73169.6599365,96055.56,82394.72466667,0.0,82.0,15280.94861870039,9735.25282635642,11480.869332988574,0,0
2024-11-26,91965.16,-0.011297,1,61.5,5922.367445,103778.42483492,75222.48216508,96006.18428571,83192.84,0.0,79.0,15109.286459280678,9735.25282635642,11351.896265223362,0,0
2024-11-27,95863.11,0.041511,0,66.87,5733.996297,103500.23374915,77501.19525085,96231.40571429,84056.20333333,0.0,75.0,15749.694665540017,9735.25282635642,11340.544368958139,0,0
2024-11-28,95643.98,-0.002288,1,66.31,5503.586922,102836.92296,80077.92604,95849.52857143,84819.78866667,0.0,77.0,15713.693010763118,9735.25282635642,11340.544368958139,0,0
2024-11-29,97460.0,0.018809,0,68.65,5405.215508,101799.40384442,83193.69915558,95644.95714286,85656.964,0.0,78.0,16012.053459391522,9735.25282635642,11340.544368958139,0,0
2024-11-30,96407.99,-0.010853,1,65.8,5182.624965,100788.30392473,85808.59707527,95464.32714286,86527.49666667,0.0,84.0,15839.214957854332,9735.25282635642,11340.544368958139,0,0
2024-12-01,97185.18,0.008029,0,66.89,5011.167475,101070.92449156,86379.69550844,95362.20428571,87450.469,0.0,81.0,15966.902294485813,9735.25282635642,11340.544368958139,0,0
2024-12-02,95840.62,-0.013932,1,63.13,4712.469013,100992.0002731,87247.4807269,95766.57714286,88332.665,0.0,80.0,15745.99970265984,9735.25282635642,11340.544368958139,0,0
2024-12-03,95849.69,9.5e-05,1,63.14,4425.466185,101071.08548741,87715.84451259,96321.51,89235.12166667,0.0,76.0,15747.489845537704,9735.25282635642,11340.544368958139,0,0
2024-12-04,98587.32,0.028161,0,67.46,4368.560194,100993.24033869,88919.86266131,96710.68285714,90259.69866667,0.0,78.0,16197.26491132915,9735.25282635642,11340.544368958139,0,0
2024-12-05,96945.63,-0.016792,1,62.72,4143.230542,101054.29857347,89450.16042653,96896.63285714,91178.81933333,0.0,84.0,15927.545764563825,9735.25282635642,11140.548319735311,0,0
2024-12-06,99740.84,0.028425,1,66.98,4142.453628,101405.66398463,90014.18701537,97222.46714286,91984.44766667,0.0,72.0,16386.780855372625,9735.25282635642,11461.761066187186,0,0
2024-12-07,99831.99,0.000913,1,67.11,4101.908711,101477.17481363,90940.27618637,97711.61,92783.58433333,0.0,75.0,16401.756216267593,9735.25282635642,11450.299305120998,0,0
2024-12-08,101109.59,0.012716,0,68.98,4125.314162,101708.15263698,91773.84936302,98272.24,93603.578,0.0,79.0,16611.657709184878,9735.25282635642,11585.237688339688,0,0
2024-12-09,97276.47,-0.038648,0,58.27,3790.863684,101499.43464695,92479.13535305,98477.36142857,94290.21166667,0.0,78.0,15981.900656483638,9735.25282635642,11146.034974849024,0,0
2024-12-10,96593.0,-0.007051,1,56.58,3431.107284,101438.27501808,92770.93898192,98583.54857143,94830.978,0.0,78.0,15869.610915278114,9735.25282635642,11067.722300424673,0,0
2024-12-11,101125.0,0.045851,0,64.02,3471.672985,101913.08717218,92576.91482782,98946.07428571,95246.87833333,0.0,74.0,16614.189473434923,9735.25282635642,11587.003381512586,0,0
2024-12-12,100004.29,-0.011144,1,61.23,3374.490637,102076.57715139,92524.65384861,99383.02571429,95648.621,0.0,83.0,16430.064002139265,9735.25282635642,11575.416378131074,0,0
2024-12-13,101424.25,0.014099,0,63.41,3373.168049,102608.01299028,92368.40300972,99623.51285714,96016.92266667,0.0,76.0,16663.35433078894,9735.25282635642,11728.035833913435,0,0
2024-12-14,101420.0,-4.2e-05,1,63.39,3333.352141,103077.22717652,92251.18482348,99850.37142857,96486.73633333,0.0,83.0,16662.656083023678,9735.25282635642,11716.30779807952,0,0
2024-12-15,104463.99,0.029572,1,67.88,3506.995835,103989.60927705,92484.20072295,100329.57142857,96934.467,0.0,80.0,17162.764133607026,9735.25282635642,12055.889650905596,0,0
2024-12-16,106058.66,0.01515,1,69.96,3730.285842,104908.30103718,92974.85896282,101584.17,97450.19166667,0.0,83.0,17424.758195684677,9735.25282635642,12239.925944652461,0,0
2024-12-17,106133.74,0.000708,0,70.06,3868.707064,106041.92856678,92868.29443322,102947.13285714,97992.78333333,0.0,87.0,17437.093358559,9735.25282635642,12248.590712243573,0,0
2024-12-18,100204.01,-0.057492,0,54.82,3460.042014,106025.62931222,93340.59668778,102815.56285714,98317.44766667,0.0,81.0,16462.876718298812,9735.25282635642,12236.34212153133,0,0
2024-12-19,97461.86,-0.027747,1,49.46,2881.685157,106025.5851131,93340.8268869,102452.35857143,98489.15,0.0,75.0,16012.359045472316,9735.25282635642,11889.58491878747,0,0
2024-12-20,97805.44,0.003519,0,50.12,2423.12494,105973.14353345,93533.01346655,101935.38571429,98606.446,0.0,74.0,16068.807037751996,9735.25282635642,11877.695333868682,0,0
2024-12-21,97291.99,-0.005264,0,49.09,1995.281181,105969.37750432,93547.46049568,101345.67,98572.275,0.0,73.0,15984.450493028782,9735.25282635642,11803.52556084971,0,0
2024-12-22,95186.27,-0.021881,0,45.01,1469.360045,106029.75224626,93421.65075374,100020.28142857,98448.75066667,0.0,73.0,15638.494190848298,9735.25282635642,11791.72203528886,0,0
2024-12-23,94881.47,-0.003207,1,44.43,1016.254198,106120.01395622,93234.56704378,98423.54,98355.71966667,0.0,70.0,15588.41750405964,9735.25282635642,11742.209297822672,0,0
2024-12-24,98663.58,0.039087,1,52.54,951.382276,106121.20057005,93241.00642995,97356.37428571,98381.171,0.0,73.0,16209.793940641819,9735.25282635642,11730.467088524849,0,0
2024-12-25,99429.6,0.007734,0,54.01,950.821741,106117.82042618,93492.78357382,97245.74428571,98595.15733333,0.0,73.0,16335.646117852604,9735.25282635642,11730.467088524849,0,0
2024-12-26,95791.6,-0.037275,0,46.65,649.336173,106170.94734734,93044.73265266,97007.13571429,98722.70533333,0.0,79.0,15737.946030788513,9369.673509664752,11289.963259894235,1,1
2024-12-27,94299.03,-0.015704,1,44.0,286.664277,106307.9328139,92354.4511861,96506.22,98670.56933333,0.0,74.0,15492.726344436327,9360.303836155086,11278.67329663434,0,0
2024-12-28,95300.0,0.010559,0,46.2,79.102258,106187.38749459,91894.03750541,96221.65,98659.10333333,0.0,72.0,15657.179301046704,9360.303836155086,11386.996320153914,0,0
2024-12-29,93738.2,-0.016524,0,43.33,-209.007042,106360.94506762,91366.65293238,96014.78285714,98535.04333333,0.0,73.0,15400.585569332383,9360.303836155086,11200.383404594455,0,0
2024-12-30,92792.05,-0.010145,1,41.65,-507.828208,106594.03117052,90753.47182948,95716.29428571,98414.512,0.0,65.0,15245.139187425928,9360.303836155086,11087.33191909274,0,0
2024-12-31,93576.0,0.008413,1,43.61,-673.622817,106441.05148975,90151.55151025,94989.49714286,98294.206,0.0,64.0,15373.937148738158,9360.303836155086,11181.002808549032,0,0
2025-01-01,94591.79,0.010797,1,46.13,-714.810584,106290.27375263,89761.07924737,94298.38142857,98252.57833333,0.0,66.0,15540.824936379397,9360.303836155086,11302.375284855947,0,0
2025-01-02,96984.79,0.024983,1,51.62,-548.039626,105921.12659928,89686.28040073,94468.83714286,98290.415,0.0,70.0,15933.979501619742,9360.303836155086,11588.304793713538,0,0
2025-01-03,98174.18,0.012189,1,54.13,-316.253039,105582.27993913,89700.54506087,95022.43,98276.64366667,0.0,74.0,16129.38865680203,9360.303836155086,11730.420004135656,0,0
2025-01-04,98220.5,0.000472,1,54.23,-127.354795,104603.7248472,90054.7511528,95439.64428571,98319.13933333,0.0,73.0,16136.998735975427,9360.303836155086,11735.954586187594,0,0
2025-01-05,98363.61,0.001456,1,54.55,33.509923,102984.13836529,90904.83263471,96100.41714286,98273.23166667,0.0,72.0,16160.510791901688,9360.303836155086,11753.054198395119,0,0
2025-01-06,102235.6,0.038609,0,62.39,468.038351,101692.65236991,91806.50463009,97449.49571429,98353.352,0.0,76.0,16796.653936517214,9360.303836155086,12215.702004078988,0,0
2025-01-07,96954.61,-0.053037,0,49.78,381.871525,101258.23847726,91915.97852274,97932.15428571,98214.85266667,0.0,78.0,15929.021121018422,8867.919622010379,11584.698712402496,1,1
2025-01-08,95060.61,-0.019728,0,46.17,158.921772,101166.8583123,91767.2336877,97999.12857143,98140.99066667,0.0,70.0,15617.849058099406,8859.051702388368,11573.114013690094,0,0
2025-01-09,92552.49,-0.026739,1,41.85,-217.642984,101168.94429264,91239.85270736,97365.94285714,98006.307,0.0,69.0,15205.78101456802,8616.68536316659,11573.114013690094,1,1
2025-01-10,94726.11,0.023214,0,46.52,-336.7979,101054.90567708,91097.30332292,96873.36142857,97793.01066667,0.0,50.0,15562.892851633509,8608.068677803425,11833.066782236177,0,0
2025-01-11,94599.99,-0.001332,0,46.29,-436.375594,101054.47118769,91039.10981231,96356.14571429,97612.86733333,0.0,69.0,15542.172143832377,8608.068677803425,11817.31203011371,0,0
2025-01-12,94545.06,-0.000581,0,46.18,-513.801245,101056.35673035,91003.58326965,95810.63857143,97383.561,0.0,62.0,15533.147496833357,8608.068677803425,11810.450243449523,0,0
2025-01-13,94536.1,-9.5e-05,1,46.16,-569.32184,100732.24826034,90914.94373966,94710.71,97154.09766667,0.0,61.0,15531.675426250595,8608.068677803425,11809.330971494106,0,0
2025-01-14,96560.86,0.021192,1,51.05,-444.813568,100304.5662897,91055.7517103,94654.46,96890.66,0.0,63.0,15864.330519236819,8608.068677803425,12062.261449669557,0,0
2025-01-15,100497.35,0.039958,0,58.87,-28.173257,101017.87387055,90813.01912945,95431.13714286,96705.283,0.0,70.0,16511.070600525145,8608.068677803425,12554.002840270363,0,0
2025-01-16,99987.3,-0.005088,1,57.59,257.887651,101550.99371038,90848.72628962,96493.25285714,96500.40166667,0.0,75.0,16427.272654014138,8608.068677803425,12490.288034370706,0,0
2025-01-17,104077.48,0.040092,1,64.31,805.352719,103019.7823056,90257.6856944,97829.16285714,96629.51733333,0.0,75.0,17099.263017430247,8608.068677803425,13001.2281868943,0,0
2025-01-18,104556.23,0.004589,0,65.01,1263.291417,104314.89413203,90044.37686797,99251.48285714,96865.99633333,0.0,77.0,17177.91857451709,8608.068677803425,12988.226958707404,0,0
2025-01-19,101331.57,-0.031327,1,56.92,1350.440979,104657.89855347,90555.32444653,100220.98428571,96983.534,0.0,77.0,16648.127600698484,8608.068677803425,12575.064267455937,0,0
2025-01-20,102260.01,0.009121,1,58.52,1477.394499,105116.50456906,90965.11943094,101324.4,97149.13466667,0.0,76.0,16800.664343093697,8608.068677803425,12562.489203188481,0,0
2025-01-21,106143.82,0.037276,0,64.47,1869.842705,106363.03861561,90873.78838439,102693.39428571,97514.38633333,0.0,76.0,17438.749437964612,8608.068677803425,13026.569840375005,0,0
2025-01-22,103706.66,-0.023229,1,58.78,1961.590299,106978.9910628,90930.0229372,103151.86714286,97808.55933333,0.0,84.0,17038.33966770922,8608.068677803425,12727.46778288199,0,0
2025-01-23,103910.34,0.001962,1,59.1,2027.365989,107553.25733012,90929.37266988,103712.30142857,97983.45133333,0.0,75.0,17071.802986492403,8608.068677803425,12714.740315099107,0,0
2025-01-24,104870.5,0.009198,0,60.67,2132.389724,108238.37519076,90909.25480924,103825.59,98164.81466667,0.0,75.0,17229.55112162035,8608.068677803425,12819.395769856845,0,0
2025-01-25,104746.85,-0.00118,0,60.35,2180.508721,108835.63376991,90950.32023009,103852.82142857,98463.323,0.0,75.0,17209.236218991027,8608.068677803425,12806.576374086988,0,0
2025-01-26,102620.0,-0.020514,0,54.95,2023.696441,108877.67648934,90946.71751066,104036.88285714,98740.68866667,0.0,73.0,16859.80839321525,8608.068677803425,12533.99655112586,0,0
2025-01-27,102082.83,-0.005248,0,53.64,1834.92458,109071.04470357,91266.17129643,104011.57142857,98966.783,0.0,71.0,16771.554804493917,8608.068677803425,12468.386660974153,0,0
2025-01-28,101335.52,-0.007348,1,51.8,1606.501105,109063.29770964,91901.40929036,103324.67142857,99220.027,0.0,72.0,16648.776560386203,8608.068677803425,12455.918274313179,0,0
2025-01-29,103733.24,0.023386,1,56.92,1600.500249,108871.0234595,93211.7585405,103328.46857143,99584.73333333,0.0,72.0,17042.706591379967,8608.068677803425,12737.889606822417,0,0
2025-01-30,104722.94,0.009496,0,58.86,1656.509833,108937.7342986,94144.7307014,103444.55428571,99956.298,0.0,70.0,17205.30795921046,8608.068677803425,12725.151717215595,0,0
2025-01-31,102429.56,-0.022143,0,52.91,1498.566688,108572.42095805,95293.00104195,103095.84857143,100217.557,0.0,76.0,16828.52032158785,8608.068677803425,12434.030782904969,0,0
2025-02-01,100635.65,-0.017669,0,48.75,1214.640444,107943.33180051,96531.14919949,102508.53428571,100339.25233333,0.0,68.0,16533.792404274725,8608.068677803425,12421.596752122065,0,0
2025-02-02,97700.59,-0.029599,1,42.83,744.213211,107325.08445956,97465.84554044,101805.76142857,100323.466,0.0,60.0,16051.580854649017,8348.655523100737,12421.596752122065,1,1
2025-02-03,101328.52,0.03646,0,50.79,656.571325,106773.25248577,98494.44351423,101698.00285714,100427.06666667,0.0,44.0,16647.626505243417,8340.306867577636,12869.966833510487,0,0
2025-02-04,97763.13,-0.03582,0,44.27,296.00516,107089.46818856,97904.80581144,101187.66142857,100407.05066667,0.0,72.0,16061.855775881833,8038.794310134504,12417.118503656957,1,1
2025-02-05,96612.43,-0.01184,0,42.37,-81.656709,107518.18428017,97138.60271983,100170.40285714,100219.61166667,0.0,54.0,15872.803139767304,8030.7555158243695,12404.7013851533,0,0
2025-02-06,96554.35,-0.000601,0,42.28,-381.24824,107671.76145815,96232.71254185,99003.46142857,100206.26966667,0.0,49.0,15863.260967954033,8030.7555158243695,12384.846870204889,0,0
2025-02-07,96506.8,-0.000493,0,42.19,-615.419402,107619.86302008,95479.66797992,98157.35285714,100254.476,0.0,44.0,15855.448807662693,8030.7555158243695,12378.747720154392,0,0
2025-02-08,96444.74,-0.000643,1,42.07,-796.824165,107791.66075254,94819.18724746,97558.65142857,100384.21766667,0.0,44.0,15845.252747353954,8030.7555158243695,12370.78739939448,0,0
2025-02-09,96462.75,0.000187,1,42.12,-928.433092,107831.9246719,94199.1973281,97381.81714286,100442.10566667,0.0,46.0,15848.211674942746,8030.7555158243695,12358.416611995084,0,0
2025-02-10,97430.82,0.009986,0,44.96,-943.740107,107124.55725439,94035.26474561,96825.00285714,100536.46666667,0.0,43.0,16007.25937238204,8030.7555158243695,12358.416611995084,0,0
2025-02-11,95778.2,-0.017107,1,41.24,-1076.810845,106889.19208638,93477.78391362,96541.44142857,100577.57133333,0.0,47.0,15735.744496658052,8030.7555158243695,12358.416611995084,0,0
2025-02-12,97869.99,0.021605,0,47.2,-1001.930758,106422.50333985,93340.43766015,96721.09285714,100688.701,0.0,46.0,16079.412189104396,8030.7555158243695,12358.416611995084,0,0
2025-02-13,96608.14,-0.012977,1,44.28,-1032.506407,105719.9244788,93216.7805212,96728.77714286,100690.277,0.0,50.0,15872.098320258376,8030.7555158243695,12358.416611995084,0,0
2025-02-14,97500.48,0.009194,1,46.79,-973.511416,104892.12831743,93319.93968257,96870.73142857,100590.38133333,0.0,48.0,16018.704063988658,8030.7555158243695,12358.416611995084,0,0
2025-02-15,97569.66,0.000709,0,46.99,-910.677489,104430.95098275,93276.08301725,97031.43428571,100509.79333333,0.0,50.0,16030.069894671204,8030.7555158243695,12358.416611995084,0,0
2025-02-16,96118.12,-0.014989,0,43.32,-966.862903,104042.81670987,93067.74629013,96982.20142857,100244.48133333,0.0,54.0,15791.591174391651,8030.7555158243695,12358.416611995084,0,0
2025-02-17,95780.0,-0.003524,0,42.49,-1026.836969,103734.82745537,92820.18354463,96746.37,99951.94033333,0.0,51.0,15736.040225123343,8030.7555158243695,12358.416611995084,0,0
2025-02-18,95671.74,-0.001131,1,42.21,-1070.759477,102800.02017212,92948.84082788,96731.16142857,99763.27933333,0.0,47.0,15718.253800872228,8030.7555158243695,12332.103463077472,0,0
2025-02-19,96644.37,0.010115,1,45.67,-1015.380593,101214.67955668,93726.32444332,96556.07285714,99576.09133333,0.0,44.0,15878.050677090243,8030.7555158243695,12319.771359614395,0,0
2025-02-20,98305.0,0.017037,0,51.05,-827.949381,100232.28387339,94296.26412661,96798.48142857,99314.79733333,0.0,49.0,16150.881544484759,8030.7555158243695,12518.929228711266,0,0
2025-02-21,96181.98,-0.021833,1,44.92,-841.023965,99582.06570363,94501.11529637,96610.12428571,99063.97466667,0.0,55.0,15802.08296316568,8030.7555158243695,12248.567221375539,0,0
2025-02-22,96551.01,0.003829,0,46.13,-812.244976,99513.80380138,94454.41919862,96464.60285714,98818.66366667,0.0,49.0,15862.71222735734,8030.7555158243695,12295.56239408569,0,0
2025-02-23,96258.0,-0.003039,0,45.28,-803.814999,98235.99497082,95225.17602918,96484.58571429,98531.58033333,0.0,50.0,15814.572562016316,8030.7555158243695,12283.266831691604,0,0
2025-02-24,91552.88,-0.050115,0,34.34,-1163.38724,99118.17563948,93721.97036052,95880.71142857,98091.78133333,0.0,49.0,15041.551497242539,7630.571560322852,12283.266831691604,1,1
2025-02-25,88680.4,-0.031878,0,29.63,-1660.989112,100407.61834104,91639.32465896,94881.94857143,97627.128,0.0,25.0,14569.621440593317,7391.161678344302,12283.266831691604,1,1
2025-02-26,84250.09,-0.051249,1,24.13,-2385.33452,102245.60903324,88570.90796676,93111.33714286,97032.70333333,0.0,21.0,13841.749897789326,7021.912808298774,12283.266831691604,1,1
2025-02-27,84708.58,0.005427,0,25.67,-2889.083607,103132.89907902,86503.79592098,91168.99142857,96478.472,0.0,10.0,13917.07686670577,7014.890895490475,12337.76240455792,0,0
2025-02-28,84349.94,-0.004243,1,25.24,-3279.444246,103706.03208608,84721.18291392,89478.7,95832.362,0.0,16.0,13858.154612933184,6978.205991825464,12325.42464215336,1,1
2025-03-01,86064.53,0.020123,1,31.18,-3411.133359,103787.43363733,83599.95936267,87980.63142857,95210.415,0.0,20.0,14139.850762542645,6971.227785833638,12325.42464215336,0,0
2025-03-02,94270.0,0.091066,0,51.19,-2820.867868,103480.90836551,83590.40263449,87696.63142857,94938.42966667,0.0,26.0,15487.956901465624,6971.227785833638,12325.42464215336,0,0
2025-03-03,86220.61,-0.089254,1,39.16,-2968.379089,103457.43963481,82658.11236519,86934.87857143,94457.92833333,0.0,33.0,14165.493706354895,6971.227785833638,12325.42464215336,0,0
2025-03-04,87281.98,0.012235,1,41.12,-2965.455184,102974.46654146,82082.28445854,86735.10428571,94110.64133333,0.0,15.0,14339.869995911578,6971.227785833638,12325.42464215336,0,0
2025-03-05,90606.01,0.037377,0,46.91,-2664.205228,102524.65179084,81931.88620916,87643.09285714,93753.22433333,0.0,20.0,14885.986823949966,6971.227785833638,12782.028900270281,0,0
2025-03-06,89931.89,-0.007468,0,45.92,-2451.597824,101883.32646471,81816.35253529,88389.28,93492.183,0.0,25.0,14775.23322782802,6971.227785833638,12769.246871370011,0,0
2025-03-07,86801.75,-0.035426,0,41.56,-2506.784413,101207.28102954,81415.60697046,88739.53857143,93165.16033333,0.0,34.0,14260.971284308833,6971.227785833638,12312.47982937226,0,0
2025-03-08,86222.45,-0.006696,0,40.79,-2567.66639,100690.1077887,80943.2132113,88762.09857143,92820.76366667,0.0,28.0,14165.796006563854,6971.227785833638,12300.167349542888,0,0
2025-03-09,80734.37,-0.065766,0,34.29,-3023.900346,100615.03734915,79513.72065085,86828.43714286,92295.016,0.0,27.0,13264.139631133756,6520.979927296869,11505.74143506772,1,1
2025-03-10,78595.86,-0.026845,1,32.14,-3517.481589,100582.36916666,77838.80083334,85739.18714286,91700.05333333,0.0,20.0,12912.796142077288,6348.250756507234,11494.235693632652,1,1
2025-03-11,82932.99,0.053714,1,40.31,-3518.123399,99660.59151147,77389.44048853,85117.90285714,91249.06133333,0.0,24.0,13625.358807994904,6341.902505750727,11494.235693632652,0,0
2025-03-12,83680.12,0.008969,0,41.61,-3418.933554,98116.31272993,77471.23127007,84128.49,90790.70466667,0.0,34.0,13748.10747925609,6341.902505750727,11586.187633284559,0,0
2025-03-13,81115.78,-0.031124,1,38.5,-3506.821242,96977.31047216,77103.61352784,82869.04571429,90301.95733333,0.0,45.0,13326.802849992227,6141.4101708922835,11231.13407461929,1,1
2025-03-14,83983.2,0.034739,1,43.58,-3306.975285,95356.55976073,77467.58323927,82466.39571429,89839.06433333,0.0,27.0,13797.901581066808,6135.268760721391,11628.151504128626,0,0
2025-03-15,84338.44,0.004221,0,44.2,-3084.376255,93497.54385251,78134.64314749,82197.25142857,89430.07433333,0.0,46.0,13856.265236627183,6135.268760721391,11616.523352624497,0,0
2025-03-16,82574.53,-0.021136,1,41.76,-3015.536489,92677.42408929,78056.92791071,82460.13142857,88932.54266667,0.0,30.0,13566.466127068848,6135.268760721391,11362.194120746306,0,0
2025-03-17,84010.03,0.017235,0,44.44,-2812.72429,92295.14041094,77972.17458906,83233.58428571,88480.555,0.0,32.0,13802.309578135506,6135.268760721391,11350.83192662556,0,0
2025-03-18,82715.03,-0.015535,1,42.54,-2725.076849,92290.79731593,77823.01168407,83202.44714286,88033.78533333,0.0,34.0,13589.549376720443,6135.268760721391,11350.83192662556,0,0
2025-03-19,86845.94,0.048734,0,49.91,-2295.820912,92439.03162316,77888.51337684,83654.70714286,87735.98333333,0.0,32.0,14268.231418131638,6135.268760721391,11905.791423654902,0,0
2025-03-20,84223.39,-0.030663,0,45.89,-2142.552348,92435.90381433,77878.98618567,84098.65142857,87354.37166667,0.0,49.0,13837.363258887566,6135.268760721391,11546.263582766702,0,0
2025-03-21,84088.79,-0.001599,0,45.68,-2008.79091,92338.91053706,77778.40546294,84113.73571429,86935.85233333,0.0,31.0,13815.249341427745,6135.268760721391,11534.717319183936,0,0
2025-03-22,83840.59,-0.002956,1,45.28,-1900.899289,90394.36670846,78680.00829154,84042.61428571,86453.70533333,0.0,32.0,13774.471671936457,6135.268760721391,11534.717319183936,0,0
2025-03-23,86082.5,0.026389,1,49.57,-1615.864323,90379.4246276,78681.1393724,84543.75285714,86117.056,0.0,30.0,14142.803118387765,6135.268760721391,11831.314239618572,0,0
2025-03-24,87498.16,0.016312,0,52.11,-1261.201779,90412.4012863,78669.7807137,85042.05714286,85815.29433333,0.0,45.0,14375.386984592591,6135.268760721391,12025.884777375475,0,0
2025-03-25,87392.87,-0.001204,0,51.9,-977.358797,89703.20610772,79057.66189228,85710.32,85519.79,0.0,46.0,14358.088512309198,6135.268760721391,12011.413554115352,0,0
2025-03-26,86909.17,-0.00555,1,50.89,-782.422458,89034.89865918,79423.69734082,85719.35285714,85364.99966667,0.0,47.0,14278.619701942815,6135.268760721391,11999.402140561237,0,0
2025-03-27,87232.01,0.003708,0,51.57,-595.024443,89108.47023558,79393.15176442,86149.15571429,85316.72,0.0,40.0,14331.66024512802,6135.268760721391,11999.402140561237,0,0
2025-03-28,84424.38,-0.032715,0,45.64,-665.392215,88930.68441188,79391.13058812,86197.09714286,85322.52966667,0.0,44.0,13870.384627908737,6135.268760721391,11999.402140561237,0,0
2025-03-29,82648.54,-0.021259,0,42.33,-854.603294,88808.74817538,79704.48382462,86026.80428571,85253.86166667,0.0,26.0,13578.625495799914,6135.268760721391,11999.402140561237,0,0
2025-03-30,82389.99,-0.003133,1,41.86,-1013.731594,88261.78750951,80630.85749049,85499.30285714,85188.53,0.0,32.0,13536.147387633224,6135.268760721391,11999.402140561237,0,0
2025-03-31,82550.01,0.00194,1,42.29,-1114.087139,88278.29541562,80576.05158438,84792.42428571,85071.37933333,0.0,34.0,13562.437648197267,6135.268760721391,11999.402140561237,0,0
2025-04-01,85158.34,0.031108,0,48.96,-971.945219,88348.57647442,80653.59252558,84473.20571429,84767.65733333,0.0,34.0,13990.96955256557,6135.268760721391,12366.168315610852,0,0
2025-04-02,82516.29,-0.031517,1,43.48,-1060.265992,88204.18105351,80938.03894649,83845.65142857,84644.18,0.0,44.0,13556.897668280884,6135.268760721391,12353.80214729524,0,0
2025-04-03,83213.09,0.008409,1,45.22,-1061.79519,88207.98924208,80857.21975792,83271.52,84508.55033333,0.0,25.0,13671.377443065454,6135.268760721391,12353.80214729524,0,0
2025-04-04,83889.87,0.0081,0,46.93,-996.904902,88196.00944266,80824.34255734,83195.16142857,84284.679,0.0,28.0,13782.568060141659,6135.268760721391,12353.80214729524,0,0
2025-04-05,83537.99,-0.004203,0,46.12,-962.774392,88161.92927277,80954.76872723,83322.22571429,84071.549,0.0,30.0,13724.75643104982,6135.268760721391,12289.68156038966,0,0
2025-04-06,78430.0,-0.063095,1,36.36,-1332.537162,88807.19530328,79751.49969672,82756.51285714,83792.49066667,0.0,34.0,12885.54640693698,6135.268760721391,12277.39187882927,0,0
2025-04-07,79163.24,0.009306,0,38.37,-1548.559649,89138.01357055,79065.50242945,82272.68857143,83557.18366667,0.0,23.0,13006.0130402077,6135.268760721391,12277.39187882927,0,0
2025-04-08,76322.42,-0.036545,1,33.89,-1926.778753,89521.45583735,77629.70816265,81010.41428571,83410.11866667,0.0,24.0,12539.284518675699,5909.1858874079535,11824.97355112191,1,1
2025-04-09,82615.22,0.079227,0,48.3,-1699.156926,89447.65292953,77542.69407047,81024.54714286,83544.09733333,0.0,18.0,13573.15123332026,5903.276701520545,11813.148577570788,0,0
2025-04-10,79607.3,-0.037088,1,43.43,-1741.405158,89462.11194538,77080.08605462,80509.43428571,83433.241,0.0,39.0,13078.969252594086,5903.276701520545,11813.148577570788,0,0
2025-04-11,83423.84,0.046828,1,50.28,-1450.207219,89436.00694566,77064.51605434,80442.85857143,83424.69833333,0.0,25.0,13706.002317542847,5903.276701520545,11813.148577570788,0,0
2025-04-12,85276.9,0.021969,0,53.24,-1057.711658,89328.19608362,77091.76691638,80691.27428571,83563.40233333,0.0,43.0,14010.448200812496,5903.276701520545,11813.148577570788,0,0
2025-04-13,83760.0,-0.017948,1,50.58,-859.153464,88809.08138703,77237.06561297,81452.70285714,83555.96233333,0.0,45.0,13761.231251371177,5903.276701520545,11813.148577570788,0,0
2025-04-14,84591.58,0.009879,0,52.0,-627.460139,88350.47631384,77415.54168616,82228.18,83564.40033333,0.0,31.0,13897.854516462095,5903.276701520545,11918.500597522852,0,0
2025-04-15,83643.99,-0.011265,1,50.23,-514.374711,87866.61913714,77572.88086286,83274.11857143,83600.049,0.0,38.0,13742.171551783409,5903.276701520545,11784.990241276915,0,0
2025-04-16,84030.38,0.004609,1,50.97,-389.090063,87298.61093258,77820.72606742,83476.28428571,83600.72733333,0.0,29.0,13805.652952729175,5903.276701520545,11839.43052299144,0,0
2025-04-17,84947.91,0.01086,0,52.74,-213.305225,87373.68766006,77798.00233994,84239.22857143,83675.15666667,0.0,30.0,13956.397252037563,5903.276701520545,11827.591092468449,0,0
2025-04-18,84474.69,-0.005586,1,51.7,-110.900975,87539.10772577,77815.19727423,84389.35,83596.115,0.0,33.0,13878.650238513519,5903.276701520545,11827.591092468449,0,0
2025-04-19,85077.01,0.007105,1,52.97,18.642422,87787.21801262,77835.78898738,84360.79428571,83624.569,0.0,32.0,13977.607554742337,5903.276701520545,11827.591092468449,0,0
2025-04-20,85179.24,0.001201,1,53.19,128.079188,88027.33517972,77858.59482028,84563.54285714,83660.91733333,0.0,37.0,13994.403288634741,5903.276701520545,11829.961526233057,0,0
2025-04-21,87516.23,0.027067,1,58.12,398.787204,88461.05988026,77660.65911974,84981.35,83783.43866667,0.0,39.0,14378.355769796892,5903.276701520545,11818.131564706824,0,0
2025-04-22,93442.99,0.065527,1,67.48,1079.125767,90716.01361627,76498.37538373,86381.20714286,84028.78833333,0.0,47.0,15352.084458089355,5903.276701520545,11818.131564706824,0,0
2025-04-23,93691.08,0.002651,1,67.8,1619.647481,92542.64912914,75719.53887086,87761.30714286,84235.219,0.0,72.0,15392.844055285543,5903.276701520545,11837.65905146649,0,0
2025-04-24,93980.47,0.003084,1,68.2,2047.760876,94127.37933301,75143.86866699,89051.67285714,84454.80566667,0.0,63.0,15440.388977824156,5903.276701520545,11825.821392415022,0,0
2025-04-25,94638.68,0.006979,0,69.14,2412.347828,95660.05052679,74721.26647321,90503.67142857,84712.456,0.0,60.0,15548.528662900144,5903.276701520545,11896.73712386654,0,0
2025-04-26,94628.0,-0.000113,0,69.1,2669.649766,96769.68548152,75231.43151848,91868.09857143,84958.989,0.0,65.0,15546.774007339442,5903.276701520545,11895.394573944217,0,0
2025-04-27,93749.3,-0.009329,1,66.09,2770.720518,97524.92244649,75934.80055351,93092.39285714,85269.81966667,0.0,61.0,15402.40922820167,5903.276701520545,11784.935901964203,0,0
2025-04-28,95011.18,0.01337,0,68.23,2918.994635,97886.41462759,77442.18437241,94163.1,85681.90766667,0.0,54.0,15609.728025855444,5903.276701520545,11773.15096606224,0,0
2025-04-29,94256.82,-0.007971,0,65.57,2941.722052,98583.10054383,77909.65845617,94279.36142857,86077.46866667,0.0,60.0,15485.791511925356,5903.276701520545,11773.15096606224,0,0
2025-04-30,94172.0,-0.0009,1,65.26,2919.238267,98787.60072507,79161.62827493,94348.06428571,86464.86833333,0.0,56.0,15471.856129466649,5903.276701520545,11773.15096606224,0,0
2025-05-01,96489.91,0.024316,1,69.48,3053.259595,99622.99340051,79632.84259949,94706.55571429,86842.58733333,0.0,53.0,15852.673888896756,5903.276701520545,11773.15096606224,0,0
2025-05-02,96887.14,0.004108,0,70.15,3155.154942,100484.17908024,79932.68091976,95027.76428571,87321.61566667,0.0,67.0,15917.936232377915,5903.276701520545,11773.15096606224,0,0
2025-05-03,95856.42,-0.010695,0,66.1,3116.808619,100913.36787003,80713.13412997,95203.25285714,87743.06,0.0,65.0,15748.595541410707,5903.276701520545,11773.15096606224,0,0
2025-05-04,94277.62,-0.016608,1,60.35,2925.301857,101064.9575223,81530.1484777,95278.72714286,88089.31833333,0.0,64.0,15489.20881863534,5903.276701520545,11773.15096606224,0,0
2025-05-05,94733.68,0.004826,1,61.39,2778.305029,101031.43420861,82672.64079139,95239.08428571,88462.508,0.0,52.0,15564.136554123643,5903.276701520545,11818.272483908911,0,0
2025-05-06,96834.02,0.021929,1,65.86,2799.023468,101145.62105092,83838.81794908,95607.25571429,89075.97533333,0.0,59.0,15909.208956780105,5903.276701520545,11806.454211425002,0,0
2025-05-07,97030.5,0.002027,1,66.25,2799.031778,101201.79080317,84990.90719683,96015.61285714,89671.55066667,0.0,67.0,15941.489361702139,5903.276701520545,11818.579557125813,0,0
2025-05-08,103261.6,0.06224,0,75.78,3264.208296,102287.24379031,85784.14520969,96982.99714286,90569.52333333,0.0,65.0,16965.21916173102,5903.276701520545,11806.760977568687,0,0
2025-05-09,102971.99,-0.002809,1,74.72,3568.361087,102969.90074618,86890.98625382,97852.26142857,91248.08233333,0.0,73.0,16917.638094602204,5903.276701520545,11806.760977568687,0,0
2025-05-10,104809.53,0.017688,0,76.92,3912.576737,103728.93159616,88094.98440384,99131.27714286,92088.15666667,0.0,70.0,17219.53414132671,5903.276701520545,11806.760977568687,0,0
2025-05-11,104118.0,-0.00662,0,74.3,4082.508807,104327.61521217,89156.47778783,100537.04571429,92777.962,0.0,70.0,17105.920193771064,5903.276701520545,11717.131477672252,0,0
2025-05-12,102791.32,-0.012824,1,69.42,4063.29013,105085.60181706,89333.32418294,101688.13714286,93361.776,0.0,70.0,16887.955171366946,5903.276701520545,11567.830838120992,0,0
2025-05-13,104103.72,0.012687,0,71.42,4106.620338,105994.03097724,89466.15902276,102726.66571429,94039.9,0.0,70.0,17103.57408127979,5903.276701520545,11715.524448748329,0,0
2025-05-14,103507.82,-0.005741,1,69.21,4046.233233,106656.61264945,89756.31235055,103651.99714286,94670.44133333,0.0,73.0,17005.671529910494,5903.276701520545,11648.463626915938,0,0
2025-05-15,103763.71,0.002469,0,69.64,3973.223355,107285.38360174,90040.04439826,103723.72714286,95341.09866667,0.0,70.0,17047.712617122925,5903.276701520545,11636.815163289022,0,0
2025-05-16,103463.9,-0.002894,0,68.42,3846.826518,107762.12944666,90446.88855334,103794.0,95988.88266667,0.0,71.0,16998.455755357478,5903.276701520545,11591.589102708895,0,0
2025-05-17,103126.65,-0.003265,1,67.0,3677.056045,108023.05392993,91123.69907007,103553.58857143,96594.84066667,0.0,74.0,16943.047741514056,5903.276701520545,11579.997513606186,0,0
2025-05-18,106454.26,0.031758,0,72.97,3767.591588,108840.61922898,91450.44177102,103887.34,97327.493,0.0,74.0,17489.75274061118,5903.276701520545,11579.997513606186,0,0
2025-05-19,105573.74,-0.008306,1,69.39,3725.347565,109264.69670645,92158.05629355,104284.82857143,98010.71733333,0.0,74.0,17345.088947136286,5903.276701520545,11472.731134060807,0,0
2025-05-20,106849.99,0.012016,1,71.57,3751.60541,109735.61091965,92954.94108035,104677.15285714,98733.07566667,0.0,71.0,17554.768643704607,5903.276701520545,11611.421618170256,0,0
2025-05-21,109643.99,0.025813,1,75.65,3952.307648,110841.07641723,93164.88358277,105553.74857143,99470.66766667,0.0,70.0,18013.8049392673,5903.276701520545,11915.046466438072,0,0
2025-05-22,111696.21,0.018544,0,78.13,4228.222306,112234.18484894,93252.68215106,106686.96285714,100079.10833333,0.0,72.0,18350.971534285076,5903.276701520545,12138.061851589175,0,0
2025-05-23,107318.3,-0.039984,1,63.31,4046.974904,112433.11653702,94199.93846298,107237.59142857,100533.349,0.0,78.0,17631.70897569278,5903.276701520545,11662.313011403005,0,0
2025-05-24,107761.91,0.004125,1,64.05,3894.240273,112246.53680531,95734.94719469,107899.77142857,100992.73033333,0.0,66.0,17704.59125596285,5903.276701520545,11710.520247959943,0,0
2025-05-25,109004.19,0.011462,1,66.12,3829.296841,112002.57723313,97405.95776687,108264.04714286,101471.58066667,0.0,74.0,17908.689899216828,5903.276701520545,11845.51920161282,0,0
2025-05-26,109434.79,0.003943,0,66.84,3769.126383,111911.9134797,98756.6985203,108815.62571429,101965.14033333,0.0,73.0,17979.434719857232,5903.276701520545,11892.31263742675,0,0
2025-05-27,108938.17,-0.004548,0,65.13,3639.414868,111406.01908427,100453.35991573,109113.93714286,102471.436,0.0,74.0,17897.843236284454,5903.276701520545,11880.420324789324,0,0
2025-05-28,107781.78,-0.010672,0,61.22,3404.066588,111540.73270167,100770.66429833,108847.90714286,102897.12266667,0.0,71.0,17707.855769632435,5903.276701520545,11742.554119499322,0,0
2025-05-29,105589.75,-0.020547,0,54.53,3006.021337,111469.24956161,101103.92343839,107975.55571429,103274.887,0.0,74.0,17347.719287541426,5903.276701520545,11503.737958673568,0,0
2025-05-30,103985.48,-0.01531,1,50.2,2531.929914,111490.21956008,101000.54843992,107499.43857143,103602.003,0.0,60.0,17084.14800698224,5903.276701520545,11492.234220714894,0,0
2025-05-31,104591.88,0.005815,1,51.76,2180.010652,111477.60360066,101060.55239934,107046.57714286,103872.06866667,0.0,50.0,17183.77564106571,5903.276701520545,11547.692890991711,0,0
2025-06-01,105642.93,0.009999,1,54.42,1963.291451,111369.42086797,101453.89613203,106566.39714286,104163.92833333,0.0,56.0,17356.456420754745,5903.276701520545,11536.14519810072,0,0
2025-06-02,105857.99,0.002034,0,54.97,1788.279297,111346.03731238,101652.70668762,106055.42571429,104497.314,0.0,64.0,17391.78940061291,5903.276701520545,11536.14519810072,0,0
2025-06-03,105376.89,-0.004555,0,53.42,1592.403913,111265.57276871,101920.07823129,105546.67142857,104867.28966667,0.0,64.0,17312.747753585274,5903.276701520545,11472.232379064852,0,0
2025-06-04,104696.86,-0.006474,0,51.23,1366.545833,111210.822678,102068.143322,105105.96857143,105199.39566667,0.0,35.0,17201.023182335633,5903.276701520545,11460.760146685787,0,0
2025-06-05,101508.68,-0.030925,1,42.44,919.690576,111468.7925168,101614.6514832,104522.95857143,105355.21766667,0.0,45.0,16677.225638746848,5717.789357010883,11460.760146685787,1,1
2025-06-06,104288.44,0.027016,1,50.43,780.856735,111382.63578398,101816.98721602,104566.23857143,105597.149,0.0,49.0,17133.922393561934,5712.071567653872,11460.760146685787,0,0
2025-06-07,105552.15,0.012045,1,53.58,763.993905,111360.27092941,101749.14107059,104703.42,105673.50066667,0.0,40.0,17341.54184848875,5712.071567653872,11460.760146685787,0,0
2025-06-08,105734.0,0.001721,1,54.03,756.582356,111361.92699964,101763.51100036,104716.43,105765.56766667,0.0,49.0,17371.418638162362,5712.071567653872,11469.02475540598,0,0
2025-06-09,110263.02,0.041942,1,63.57,1103.442911,111810.27697493,101656.46402507,105345.72,105947.35066667,0.0,52.0,18115.507601415527,5712.071567653872,11457.555730650574,0,0
2025-06-10,110274.39,0.000103,0,63.59,1363.531916,111925.0291141,101604.7518859,106045.36285714,106152.56366667,0.0,43.0,18117.375619554594,5712.071567653872,11447.278463073186,0,0
2025-06-11,108645.12,-0.014885,0,58.53,1421.796271,111319.1124901,101905.5595099,106609.4,106347.69033333,0.0,56.0,17849.696999199754,5712.071567653872,11435.831184610113,0,0
2025-06-12,105671.73,-0.027749,1,50.61,1214.048672,111242.38947108,101817.62552892,107204.12142857,106399.95733333,0.0,50.0,17361.18807619934,5712.071567653872,11435.831184610113,0,0
2025-06-13,106066.59,0.00373,0,51.55,1068.94695,111125.19988401,101765.28311599,107458.14285714,106485.24966667,0.0,38.0,17426.061043867878,5712.071567653872,11435.831184610113,0,0
2025-06-14,105414.64,-0.006166,1,49.86,891.074125,110805.7437896,101725.7842104,107438.49857143,106540.28066667,0.0,42.0,17318.94983667672,5712.071567653872,11435.831184610113,0,0
2025-06-15,105594.01,0.0017,1,50.34,755.869102,110367.54372548,101779.90627452,107418.5,106611.28433333,0.0,40.0,17348.419178242602,5712.071567653872,11443.834719670494,0,0
2025-06-16,106794.53,0.011305,0,53.55,737.093324,110061.7245458,101871.3614542,106923.00142857,106733.547,0.0,49.0,17545.656921101916,5712.071567653872,11573.942028386764,0,0
2025-06-17,104551.17,-0.02123,1,47.39,535.025541,109853.30739269,101756.71760731,106105.39857143,106670.11066667,0.0,42.0,17177.08724894246,5712.071567653872,11562.368086358378,0,0
2025-06-18,104886.78,0.003205,0,48.35,397.385476,109838.18550687,101701.54249313,105568.49285714,106647.212,0.0,62.0,17232.225821295287,5712.071567653872,11562.368086358378,0,0
2025-06-19,104658.59,-0.002178,0,47.71,266.816018,109820.50027864,101786.53872136,105423.75857143,106574.16533333,0.0,43.0,17194.735666576442,5712.071567653872,11525.675970206032,0,0
2025-06-20,103297.99,-0.013086,0,44.0,52.93948,109877.79358412,101599.85641588,105028.24428571,106362.632,0.0,39.0,16971.197805537573,5712.071567653872,11514.150294235826,0,0
2025-06-21,102120.01,-0.011469,0,41.02,-209.200822,110007.39478283,101117.96321717,104557.58285714,106043.42533333,0.0,65.0,16777.663240238024,5712.071567653872,11514.150294235826,0,0
2025-06-22,100963.87,-0.011386,1,38.28,-504.425038,110210.56315368,100425.38284632,103896.13428571,105831.611,0.0,43.0,16587.716846983963,5712.071567653872,11514.150294235826,0,0
2025-06-23,105333.93,0.042373,1,51.47,-381.368853,110208.34396355,100423.30603645,103687.47714286,105750.67833333,0.0,44.0,17305.68970088042,5712.071567653872,12000.509394117058,0,0
2025-06-24,106083.0,0.007086,1,53.31,-220.856357,110280.00352018,100490.26047982,103906.31,105653.30533333,0.0,49.0,17428.757101709747,5712.071567653872,12085.849621827647,0,0
2025-06-25,107340.58,0.011785,0,56.31,7.737951,110285.76247594,101067.69152406,104256.85285714,105583.49833333,0.0,40.0,17635.36943691867,5712.071567653872,12229.123499521698,0,0
2025-06-26,106947.06,-0.003673,1,55.12,155.355964,110403.43480206,101215.88119794,104583.77714286,105517.128,0.0,42.0,17570.71662266318,5712.071567653872,12216.894376022177,0,0
2025-06-27,107047.59,0.00094,1,55.38,277.260152,110509.13661228,101259.72338772,105119.43428571,105492.655,0.0,51.0,17587.23305744948,5712.071567653872,12216.894376022177,0,0
2025-06-28,107296.79,0.002325,1,56.06,389.488673,110629.19443596,101295.94456404,105858.97428571,105549.55633333,0.0,53.0,17628.175020532595,5712.071567653872,12233.089196738725,0,0
2025-06-29,108356.93,0.009832,0,58.92,557.547957,110232.19758254,101502.33241746,106915.12571429,105695.27133333,0.0,41.0,17802.349228971332,5712.071567653872,12353.957558047861,0,0
2025-06-30,107146.5,-0.011234,0,54.55,586.305995,109610.25047136,101811.49052864,107174.06428571,105780.42533333,0.0,47.0,17603.48333661702,5712.071567653872,12215.954378675875,0,0
2025-07-01,105681.14,-0.013771,1,49.73,485.260856,109209.62652887,101915.71647113,107116.65571429,105781.699,0.0,54.0,17362.73407889843,5712.071567653872,12048.886197182906,0,0
2025-07-02,108849.6,0.029541,1,58.3,653.319043,109654.24580491,101788.88419509,107332.23,105881.41933333,0.0,50.0,17883.2917528564,5712.071567653872,12036.837310985724,0,0
2025-07-03,109584.78,0.006731,0,60.01,836.190169,110193.12473152,101601.82426848,107709.04714286,106021.68233333,0.0,51.0,18004.07711569526,5712.071567653872,12106.017058873362,0,0
2025-07-04,107984.24,-0.014713,1,54.76,842.25763,110413.52595917,101638.38304083,107842.85428571,106131.26166667,0.0,52.0,17741.11865023359,5712.071567653872,12093.911041814488,0,0
2025-07-05,108198.12,0.001979,1,55.32,854.474614,110643.191094,101669.128906,107971.61571429,106354.243,0.0,67.0,17776.2577636534,5712.071567653872,12105.74709544094,0,0
2025-07-06,109203.84,0.009252,0,57.97,934.537099,110960.85383222,101592.39716778,108092.60285714,106518.08966667,0.0,66.0,17941.491114824952,5712.071567653872,12093.6413483455,0,0
2025-07-07,108262.94,-0.008653,1,54.7,911.556571,111152.71646121,101771.71153879,108252.09428571,106608.44933333,0.0,73.0,17786.907274275585,5712.071567653872,11977.453123532749,0,0
2025-07-08,108922.98,0.006078,1,56.55,935.816539,111416.03620216,101912.01179784,108715.21428571,106714.74866667,0.0,65.0,17895.34761662462,5712.071567653872,12050.475324478488,0,0
2025-07-09,111233.99,0.020995,1,62.34,1128.513134,112059.99969337,101925.58830663,109055.84142857,106747.11433333,0.0,66.0,18275.031750271126,5712.071567653872,12306.149278492812,0,0
2025-07-10,116010.0,0.04204,1,70.96,1647.617953,113810.58269795,101446.20630205,109973.73,106938.30133333,0.0,71.0,19059.699587769468,5712.071567653872,12834.533561170925,0,0
2025-07-11,117527.66,0.012997,0,73.07,2156.614628,115467.25060221,101330.30339779,111337.07571429,107234.386,0.0,71.0,19309.04140034058,5712.071567653872,12821.699027609755,0,0
2025-07-12,117420.0,-0.000916,1,72.66,2522.236131,116474.75234864,101968.41465136,112654.48714286,107625.995,0.0,79.0,19291.353552244556,5712.071567653872,12797.143888699182,0,0
2025-07-13,119086.64,0.014094,1,74.97,2912.899631,118150.81843014,101667.61956986,114066.31571429,108059.99666667,0.0,74.0,19565.171824125948,5712.071567653872,12784.346744810482,0,0
2025-07-14,119841.18,0.006316,0,75.95,3245.970811,119741.33338019,101452.92261981,115720.35,108540.88133333,0.0,74.0,19689.137910902566,5712.071567653872,12784.346744810482,0,0
2025-07-15,117758.09,-0.017535,1,67.98,3303.760472,120659.34163109,101576.66536891,116982.50857143,108946.35066667,0.0,73.0,19346.89957270511,5712.071567653872,12784.346744810482,0,0
2025-07-16,118630.43,0.007381,1,69.43,3380.975957,121592.52997165,101811.81402835,118039.14285714,109340.88066667,0.0,70.0,19490.21944459887,5712.071567653872,12784.346744810482,0,0
2025-07-17,119177.56,0.004601,0,70.33,3446.588476,122480.878172,102136.462828,118491.65142857,109828.427,0.0,74.0,19580.109397494798,5712.071567653872,12830.46553897862,0,0
2025-07-18,117924.84,-0.010567,0,65.55,3358.784855,123020.29359266,102659.85240734,118548.39142857,110263.029,0.0,73.0,19374.29552914215,5712.071567653872,12817.635073439642,0,0
2025-07-19,117840.0,-0.00072,0,65.22,3244.94823,123498.62635327,103129.82664673,118608.39142857,110702.40933333,0.0,74.0,19360.356860811607,5712.071567653872,12817.635073439642,0,0
2025-07-20,117265.12,-0.00489,1,62.95,3072.921152,123715.70554203,103924.60945797,118348.17428571,111167.98033333,0.0,72.0,19265.907760742502,5712.071567653872,12817.635073439642,0,0
2025-07-21,117380.36,0.000982,1,63.23,2912.315991,123635.69396296,105174.54303704,117996.62857143,111676.65866667,0.0,71.0,19284.840954264568,5712.071567653872,12817.401121916753,0,0
2025-07-22,119954.42,0.021692,0,68.82,2958.635071,124119.55787926,105801.16112074,118310.39,112309.677,0.0,72.0,19707.74251724098,5712.071567653872,13098.476759543702,0,0
2025-07-23,118755.99,-0.010041,0,63.95,2865.607055,124360.67594793,106477.16405207,118328.32714286,112757.079,0.0,74.0,19510.848147988585,5712.071567653872,12967.613657517617,0,0
2025-07-24,118340.99,-0.003501,0,62.3,2726.959954,124242.58500601,107630.92999399,118208.81714286,113165.67866667,0.0,71.0,19442.666307380667,5712.071567653872,12922.297546154561,0,0
2025-07-25,117614.31,-0.006159,1,59.42,2529.288067,123893.43579936,108921.69820064,118164.45571429,113508.13633333,0.0,70.0,19323.27744007233,5712.071567653872,12909.375248608407,0,0
2025-07-26,117919.99,0.002596,1,60.25,2369.977863,123536.28949054,110150.45950946,118175.88285714,113873.90066667,0.0,72.0,19373.498705221795,5712.071567653872,12909.375248608407,0,0
2025-07-27,119415.55,0.012603,0,64.13,2337.457814,122821.2394616,111980.7705384,118483.08714286,114286.166,0.0,73.0,19619.20962941354,5712.071567653872,13060.029646572144,0,0
2025-07-28,118062.32,-0.011397,0,58.56,2177.391475,121526.73130658,114189.21269342,118580.51,114645.017,0.0,75.0,19396.882612146434,5712.071567653872,13046.969616925571,0,0
2025-07-29,117950.76,-0.000945,0,58.11,2018.270424,120130.15255605,116257.46844395,118294.27285714,114964.81133333,0.0,73.0,19378.554019042287,5712.071567653872,13046.969616925571,0,0
2025-07-30,117840.3,-0.000937,0,57.64,1861.791076,119939.55065618,116631.10034382,118163.46,115321.27133333,0.0,74.0,19360.406148889157,5712.071567653872,13046.969616925571,0,0
2025-07-31,115764.08,-0.017776,0,49.52,1552.351918,120177.32726051,116216.96573949,117795.33,115657.36933333,0.0,72.0,19019.29650766755,5712.071567653872,12804.278876215098,0,0
2025-08-01,113297.93,-0.021533,0,41.97,1095.493296,120935.22880783,115046.85719217,117178.70428571,115805.647,0.0,65.0,18614.12386618511,5712.071567653872,12531.506248033904,0,0
2025-08-02,112546.35,-0.006656,1,39.96,665.116275,121433.14600808,113894.91099192,116411.04142857,115904.366,0.0,55.0,18490.6440884403,5712.071567653872,12518.97474178587,0,0
2025-08-03,114208.8,0.014663,1,46.09,452.963723,121305.13954723,113459.67945277,115667.22,116111.85133333,0.0,53.0,18763.773970171937,5712.071567653872,12691.19172151904,0,0
2025-08-04,115055.03,0.007382,0,48.95,349.090883,121299.60696003,113194.90603997,115237.60714286,116340.415,0.0,64.0,18902.804136383107,5712.071567653872,12785.227095067323,0,0
2025-08-05,114129.75,-0.008075,1,46.07,189.919275,121247.34054918,112797.10445082,114691.74857143,116504.612,0.0,60.0,18750.786561738063,5712.071567653872,12682.407471044593,0,0
2025-08-06,114992.27,0.007529,1,49.07,131.852867,121003.03655245,112622.87944755,114284.88714286,116728.923,0.0,54.0,18892.49307056009,5712.071567653872,12778.253033590077,0,0
2025-08-07,117472.01,0.021335,0,56.56,282.670662,120959.94142358,112620.69157642,114528.87714286,117013.89066667,0.0,62.0,19299.898461955443,5712.071567653872,13053.808470294774,0,0
2025-08-08,116674.74,-0.00681,0,53.82,334.011549,120872.38269997,112591.72430003,115011.27857143,117195.249,0.0,74.0,19168.91211000009,5712.071567653872,13040.75466182448,0,0
2025-08-09,116462.25,-0.001823,1,53.08,353.478721,120826.04141066,112557.77858934,115570.69285714,117210.324,0.0,67.0,19134.001364672917,5712.071567653872,13003.987615352336,0,0
2025-08-10,119294.01,0.024024,0,60.8,590.597917,121074.56935565,112500.61564435,116297.15142857,117269.20233333,0.0,69.0,19599.24138626297,5712.071567653872,12990.983627736983,0,0
2025-08-11,118686.0,-0.00511,1,58.57,721.142381,120848.32424414,112600.01875586,116815.86142857,117311.40233333,0.0,70.0,19499.34923949666,5712.071567653872,12990.983627736983,0,0
2025-08-12,120134.08,0.012127,1,62.13,930.719014,121102.06912405,112484.08287595,117673.62285714,117346.317,0.0,68.0,19737.259503948495,5712.071567653872,13136.336270047284,0,0
2025-08-13,123306.43,0.026064,0,68.51,1337.375704,122211.91686086,111870.77913914,118861.36,117461.82533333,0.0,73.0,20258.45627997867,5712.071567653872,13123.199933777238,0,0
2025-08-14,118295.09,-0.04149,0,53.25,1240.975609,122270.74173925,111880.03226075,118978.94285714,117479.72533333,0.0,75.0,19435.12523151584,5474.445332347014,13123.199933777238,1,1
2025-08-15,117342.05,-0.008089,1,50.92,1075.280315,122228.47663007,111864.50336993,119074.27285714,117436.77933333,0.0,60.0,19278.546866761702,5468.970887014667,13123.199933777238,0,0
2025-08-16,117380.66,0.000329,1,51.02,936.288157,122009.46072039,111880.03027961,119205.47428571,117376.88266667,0.0,56.0,19284.890242342117,5468.970887014667,13114.390448003845,0,0
2025-08-17,117405.01,0.000207,0,51.08,818.663667,121954.54291551,111869.21708449,118935.61714286,117359.555,0.0,64.0,19288.890791303085,5468.970887014667,13117.110959265316,0,0
2025-08-18,116227.05,-0.010084,0,47.87,623.209908,121852.49207308,111798.89692692,118584.33857143,117305.79,0.0,60.0,19095.359511875373,5468.970887014667,13103.99384830605,0,0
2025-08-19,112872.94,-0.029283,1,40.13,195.410184,121876.53014011,111278.12285989,117547.03285714,117159.384,0.0,56.0,18544.30073259485,5305.8347774374515,12713.109599605408,1,1
2025-08-20,114271.24,0.012312,0,44.18,-30.442138,121891.41822108,111113.95077892,116256.29142857,117055.74666667,0.0,44.0,18774.032462045572,5300.528942660014,12870.602982458095,0,0
2025-08-21,112500.0,-0.015622,1,40.44,-348.340543,121962.10546944,110963.47053056,115428.42142857,116807.266,0.0,50.0,18483.02908045915,5300.528942660014,12671.104606255569,0,0
2025-08-22,116935.99,0.038673,0,51.5,-239.568403,121864.70646316,111499.83353684,115370.41285714,116746.59933333,0.0,50.0,19211.833810864715,5300.528942660014,13170.739213564935,0,0
2025-08-23,115438.05,-0.012893,0,48.24,-271.111731,121830.93633003,111656.52866997,115092.89714286,116649.83466667,0.0,60.0,18965.73186792442,5300.528942660014,13157.56847435137,0,0
2025-08-24,113493.59,-0.016988,0,44.32,-447.84919,121907.55868436,111423.76231564,114534.12285714,116512.47733333,0.0,53.0,18646.269550361845,5300.528942660014,13157.56847435137,0,0
2025-08-25,110111.98,-0.030249,1,38.47,-850.973078,122380.51141591,110549.03258409,113660.54142857,116252.21033333,0.0,47.0,18090.692697306098,5137.45388780703,12752.765251145129,1,1
2025-08-26,111763.22,0.014885,0,42.47,-1025.390334,122554.98642464,110051.65257536,113502.01,115997.13266667,0.0,48.0,18361.980847873365,5132.316433919223,12944.00580547265,0,0
2025-08-27,111262.01,-0.004495,1,41.58,-1190.339234,122606.46760292,109379.17139708,113072.12,115770.45566667,0.0,51.0,18279.6352567141,5132.316433919223,12931.061799667177,0,0
2025-08-28,112566.9,0.01166,0,44.8,-1201.913794,122565.01925081,109009.83574919,113081.67714286,115590.99366667,0.0,48.0,18494.020321752327,5132.316433919223,12931.061799667177,0,0
2025-08-29,108377.4,-0.037928,1,37.64,-1531.490287,122913.88978824,107852.48021176,111859.02142857,115275.56366667,0.0,50.0,17805.712318796028,5132.316433919223,12437.345456170175,0,0
2025-08-30,108816.33,0.004042,0,38.74,-1737.238248,122696.05164092,107022.55035908,110913.06142857,115043.972,0.0,39.0,17877.825705056348,5132.316433919223,12424.908110714005,0,0
2025-08-31,108246.35,-0.005252,1,37.8,-1924.107696,122485.39310593,106189.24389407,110163.45571429,114875.586,0.0,48.0,17784.18164358719,5132.316433919223,12347.466608349287,0,0
2025-09-01,109237.42,0.009114,1,40.5,-1969.528515,121763.84845336,105821.12254664,110038.51857143,114765.28833333,0.0,46.0,17947.008093638487,5132.316433919223,12460.51618213664,0,0
2025-09-02,111240.01,0.018166,1,45.63,-1822.919088,119846.92683131,106531.40216869,109963.77428571,114666.32866667,0.0,49.0,18276.020797693924,5132.316433919223,12448.055665954504,0,0
2025-09-03,111705.71,0.004178,0,46.77,-1650.130288,119092.15234578,106627.23865422,110027.16,114554.68466667,0.0,55.0,18352.532323407435,5132.316433919223,12448.055665954504,0,0
2025-09-04,110730.87,-0.008765,0,44.65,-1573.714558,118454.31423546,106603.95876454,109764.87,114441.38866667,0.0,51.0,18192.37235835148,5132.316433919223,12327.083813941757,0,0
2025-09-05,110659.99,-0.00064,0,44.49,-1501.564861,117707.86369605,106678.34230395,110090.95428571,114296.97933333,0.0,48.0,18180.72722856283,5132.316433919223,12319.193117329945,0,0
2025-09-06,110187.97,-0.004275,1,43.39,-1465.579487,116831.45265717,106833.04934283,110286.90285714,114054.178,0.0,48.0,18103.17736734898,5132.316433919223,12306.873924212616,0,0
2025-09-07,111137.34,0.008579,1,46.27,-1344.950837,116133.51299534,107022.01800466,110699.90142857,113869.598,0.0,44.0,18259.152774621118,5132.316433919223,12400.495974476155,0,0
2025-09-08,112065.23,0.008314,0,49.01,-1161.094422,116058.977116,107015.782884,111103.87428571,113723.03066667,0.0,51.0,18411.599155540825,5132.316433919223,12388.095478501678,0,0
2025-09-09,111546.39,-0.004641,1,47.55,-1045.204473,115736.25341739,107066.02158261,111147.64285714,113464.77666667,0.0,48.0,18326.35706835767,5132.316433919223,12318.410289012772,0,0
2025-09-10,113960.0,0.021407,1,54.36,-749.957654,115934.52551904,107013.74948096,111469.68428571,113307.24333333,0.0,49.0,18722.897724525552,5132.316433919223,12306.091878723759,0,0
2025-09-11,115482.69,0.013273,1,58.05,-388.624246,115521.57974057,107281.36525943,112148.51571429,113152.197,0.0,54.0,18973.065933863545,5132.316433919223,12306.091878723759,0,0
2025-09-12,116029.42,0.004723,0,59.33,-57.485716,115679.60860199,107182.47339801,112915.57714286,112909.63,0.0,57.0,19062.890169322738,5132.316433919223,12306.091878723759,0,0
2025-09-13,115918.29,-0.000958,0,58.94,193.74334,116170.91987438,106933.63212562,113734.19428571,112830.40333333,0.0,52.0,19044.632222463082,5132.316433919223,12282.01111439996,0,0
2025-09-14,115268.01,-0.005626,1,56.58,336.493132,116660.02340757,106960.13159243,114324.29,112761.26866667,0.0,55.0,18937.795385570273,5132.316433919223,12213.11132138652,0,0
2025-09-15,115349.71,0.000709,1,56.81,451.016837,117090.75455107,106888.04944893,114793.50142857,112693.57033333,0.0,53.0,18951.218172022483,5132.316433919223,12200.898210065132,0,0
2025-09-16,116788.96,0.0124,0,60.81,650.415559,117783.03981219,106748.45918781,115542.44,112673.03533333,0.0,52.0,19187.677724058492,5132.316433919223,12340.779034523355,0,0
2025-09-17,116447.59,-0.002927,1,59.41,771.995691,118285.97621046,106633.59178954,115897.81,112680.38666667,0.0,53.0,19131.592820616745,5132.316433919223,12328.438255488833,0,0
2025-09-18,117073.53,0.005361,0,61.18,908.385644,118735.93332737,107053.24767263,116125.07285714,112820.40633333,0.0,52.0,19234.4307514845,5132.316433919223,12328.438255488833,0,0
2025-09-19,115632.38,-0.012386,1,55.21,889.928363,118866.44346549,107604.34253451,116068.35285714,112865.77766667,0.0,53.0,18997.65904162402,5132.316433919223,12164.501151610075,0,0
2025-09-20,115685.63,0.00046,0,55.38,869.57376,118817.92180104,108396.79219896,116035.11571429,112971.96533333,0.0,48.0,19006.407675388775,5132.316433919223,12170.103039993963,0,0
2025-09-21,115232.29,-0.003926,0,53.48,807.552875,118734.86157849,109079.33942151,116030.01285714,112915.17533333,0.0,49.0,18931.926818470238,5132.316433919223,12157.932936953968,0,0
2025-09-22,112650.99,-0.022656,0,44.2,543.842461,118680.93982693,109274.35917307,115644.48142857,112822.27333333,0.0,45.0,18507.835769889003,5132.316433919223,11873.699451080689,0,0
2025-09-23,111998.8,-0.005806,1,42.21,279.007551,118667.5311138,109317.0768862,114960.17285714,112772.447,0.0,43.0,18400.685132235805,5132.316433919223,11804.95697447218,0,0
2025-09-24,113307.0,0.011613,0,47.34,172.694074,118553.64982767,109688.57117233,114511.51714286,112878.94766667,0.0,44.0,18615.614009062974,5132.316433919223,11793.152017497707,0,0
2025-09-25,108994.49,-0.038804,1,35.99,-256.585876,118794.86600579,109280.80499421,113357.36857143,112786.65666667,0.0,44.0,17907.096251376122,4932.04142746177,11793.152017497707,1,1
2025-09-26,109643.46,0.005936,0,38.39,-538.222579,118865.63687871,109155.58312129,112501.80857143,112732.705,0.0,28.0,18013.717863663638,4927.109386034308,11851.506892806461,0,0
2025-09-27,109635.85,-6.9e-05,1,38.37,-753.351591,119018.71166044,108852.35933956,111637.55428571,112635.00333333,0.0,33.0,18012.467589429838,4927.109386034308,11839.655385913655,0,0
2025-09-28,112163.95,0.022797,1,47.27,-711.642964,119016.18694678,108864.75605322,111199.22,112761.22166667,0.0,37.0,18427.818218925913,4927.109386034308,11839.655385913655,0,0
2025-09-29,114311.96,0.01897,0,53.42,-499.504148,119028.97962285,109128.52037715,111436.50142857,112944.40933333,0.0,50.0,18780.722497104733,4927.109386034308,12054.325821045517,0,0
2025-09-30,114048.93,-0.002304,1,52.61,-348.588618,119033.13675498,109133.25624502,111729.37714286,113137.82866667,0.0,50.0,18737.50835364666,4927.109386034308,12042.271495224471,0,0
2025-10-01,118594.99,0.039087,1,63.04,136.271226,119556.06135254,108921.56164746,112484.80428571,113449.74766667,0.0,49.0,19484.39687970455,4927.109386034308,12042.271495224471,0,0
2025-10-02,120529.35,0.016179,1,66.43,668.902144,120440.06929903,108487.54670097,114132.64142857,113759.39233333,0.0,64.0,19802.199831989677,4927.109386034308,12226.449942675408,0,0
2025-10-03,122232.0,0.014028,1,69.11,1214.406684,121675.49864646,107883.48835354,115931.00428571,114110.26866667,0.0,63.0,20081.934316112733,4927.109386034308,12399.166090193803,0,0
2025-10-04,122391.0,0.0013,1,69.36,1640.64065,122827.67916403,107443.60683597,117753.16857143,114498.93966667,0.0,71.0,20108.056997213112,4927.109386034308,12386.76692410361,0,0
2025-10-05,123482.31,0.008877,1,71.06,2042.943949,124093.78025831,106990.76574169,119370.07714286,114926.35033333,0.0,74.0,20287.352236909075,4927.109386034308,12386.76692410361,0,0
2025-10-06,124658.54,0.00948,0,72.82,2428.687742,125403.8690686,106467.6349314,120848.16,115408.70266667,0.0,71.0,20480.59928842293,4927.109386034308,12492.252240818687,0,0
2025-10-07,121332.95,-0.02704,1,61.46,2437.942079,125950.96861434,106409.07138566,121888.73428571,115748.55633333,0.0,70.0,19934.226162381292,4927.109386034308,12158.988999250607,0,0
2025-10-08,123306.0,0.016131,0,64.96,2574.804114,126767.09581827,106216.19118173,122561.73571429,116123.24866667,0.0,60.0,20258.385633734182,4927.109386034308,12356.711820998298,0,0
2025-10-09,121662.4,-0.013419,0,60.07,2521.576317,127313.38767909,106272.90132091,122723.6,116460.449,0.0,70.0,19988.35268620847,4927.109386034308,12192.0037650319,0,0
2025-10-10,112774.5,-0.07586,0,41.78,1742.131447,127311.91994251,105983.25605749,121372.52857143,116420.93233333,0.0,64.0,18528.127671415466,4562.598182822883,12179.811761266867,1,1
2025-10-11,110644.4,-0.019069,1,38.74,941.679409,127403.26131674,105433.12568326,119694.44285714,116259.656,0.0,27.0,18178.165891466255,4558.035584640061,11937.808072515305,0,0
2025-10-12,114958.8,0.038252,1,47.14,647.981894,127399.87522596,105667.29277404,118476.79857143,116223.96866667,0.0,24.0,18886.994164041662,4558.035584640061,12403.303652481938,0,0
2025-10-13,115166.0,0.001801,0,47.51,427.021368,127370.66673126,106013.22126874,117120.72142857,116198.89233333,0.0,38.0,18921.035796268072,4558.035584640061,12390.900348829457,0,0
2025-10-14,113028.14,-0.018738,0,44.06,78.496269,127376.04353404,105979.95846596,115934.32,116124.23,0.0,38.0,18569.799098046293,4558.035584640061,12148.723572358085,0,0
2025-10-15,110763.28,-0.020242,0,40.69,-376.131843,127223.56795203,106309.31304797,114142.50285714,115971.349,0.0,34.0,18197.697113662573,4558.035584640061,12136.574848785727,0,0
2025-10-16,108194.28,-0.023467,0,37.22,-932.97003,127376.5770096,106011.3859904,112218.48571429,115684.85966667,0.0,28.0,17775.626876260798,4558.035584640061,11843.22881602143,0,0
2025-10-17,106431.68,-0.016425,1,35.01,-1499.213395,127745.08353835,105322.46246165,111312.36857143,115350.996,0.0,22.0,17486.042991307753,4558.035584640061,11650.2900108358,0,0
2025-10-18,107185.01,0.007053,1,36.74,-1865.671606,128109.05245377,104460.59954623,110818.17,115021.37866667,0.0,23.0,17609.81028283826,4558.035584640061,11732.751482588035,0,0
2025-10-19,108642.78,0.013509,1,40.06,-2015.23218,128287.51889691,103715.21510309,109915.88142857,114788.392,0.0,29.0,17849.312552194893,4558.035584640061,11721.018731105447,0,0
2025-10-20,110532.09,0.017241,0,44.15,-1958.72947,128328.09595704,103322.95404296,109253.89428571,114616.60733333,0.0,29.0,18159.714078168246,4558.035584640061,11721.018731105447,0,0
2025-10-21,108297.67,-0.020422,0,40.62,-2070.383593,128175.86918382,102445.44881618,108578.11285714,114385.45333333,0.0,34.0,17792.61319071972,4558.035584640061,11472.592797136755,0,0
2025-10-22,107567.44,-0.006766,1,39.51,-2192.519745,127725.26174861,101599.86525139,108121.56428571,114216.00166667,0.0,25.0,17672.6410811604,4558.035584640061,11461.120204339617,0,0
2025-10-23,110078.18,0.023073,1,45.08,-2062.937531,126760.82918351,101348.91581649,108390.69285714,114151.981,0.0,27.0,18085.139573902372,4558.035584640061,11461.120204339617,0,0
2025-10-24,111004.89,0.008383,1,47.02,-1863.978161,125626.62859334,101344.50540666,109044.00857143,114075.244,0.0,30.0,18237.392088383727,4558.035584640061,11461.120204339617,0,0
2025-10-25,111646.27,0.005761,1,48.38,-1635.69218,124101.08487882,101686.44512118,109681.33142857,114163.63666667,0.0,37.0,18342.766712309283,4558.035584640061,11461.120204339617,0,0
2025-10-26,114559.4,0.025758,0,54.13,-1205.808836,122185.51923474,102592.09676526,110526.56285714,114327.50133333,0.0,40.0,18821.37530346624,4558.035584640061,11461.120204339617,0,0
2025-10-27,114107.65,-0.003951,0,53.14,-891.301272,120927.3402896,103127.7457104,111037.35714286,114476.56133333,0.0,51.0,18747.15567335871,4558.035584640061,11461.120204339617,0,0
2025-10-28,112898.45,-0.010654,0,50.48,-731.195332,118679.76530587,104334.56569413,111694.61142857,114501.04466667,0.0,50.0,18548.491862122344,4558.035584640061,11328.32692310544,0,0
2025-10-29,110021.29,-0.025815,0,44.74,-826.940531,116289.17481832,105561.04518168,112045.16142857,114358.02233333,0.0,51.0,18075.792911463377,4558.035584640061,11039.630230723196,0,0
2025-10-30,108322.88,-0.015557,1,41.73,-1028.016451,116112.71764545,105292.34035455,111794.40428571,114167.154,0.0,34.0,17796.75503216967,4558.035584640061,11028.590600492473,0,0
2025-10-31,109608.01,0.011794,1,44.76,-1071.321784,116083.05043672,105218.36856328,111594.85,113867.588,0.0,29.0,18007.893655833406,4558.035584640061,11148.273079111821,0,0
2025-11-01,110098.1,0.004461,1,45.92,-1053.946171,115449.36326322,105365.98573678,111373.68285714,113519.87966667,0.0,33.0,18088.41230225156,4558.035584640061,11198.120322514398,0,0
2025-11-02,110540.68,0.004012,0,47.0,-993.016489,114696.41830841,105656.39869159,110799.58,113130.169,0.0,37.0,18161.12536012204,4558.035584640061,11243.13530544633,0,0
2025-11-03,106583.04,-0.036459,0,39.42,-1249.672305,114436.67820294,105271.62879706,109724.63571429,112603.237,0.0,42.0,17510.91046936659,4390.4513682209645,10840.60221074991,1,1
2025-11-04,101497.22,-0.048893,1,32.24,-1842.22108,115275.11342368,103506.58757632,108095.88857143,111870.40066667,0.0,21.0,16675.34283418454,4180.952320553291,10829.76160853916,1,1
2025-11-05,103885.16,0.023255,0,37.96,-2094.983784,115540.08384038,102810.70515962,107219.29857143,111177.95466667,0.0,23.0,17067.666073850243,4176.7713682327385,11073.4704452741,0,0
2025-11-06,101346.04,-0.024745,1,34.61,-2471.693665,116101.4463189,101740.7786811,106222.60714286,110511.72433333,0.0,27.0,16650.504928972237,4070.609689753705,10802.81705958355,1,1
2025-11-07,103339.08,0.019475,0,39.14,-2579.680339,116300.26022542,101157.37177458,105327.04571429,109846.16033333,0.0,24.0,16977.948629225735,4066.539080063951,10792.014242523966,0,0
2025-11-08,102312.94,-0.009979,1,37.7,-2716.744539,116509.82023827,100314.82776173,104214.88,109201.17833333,0.0,20.0,16809.360402909093,4066.539080063951,10792.014242523966,0,0
2025-11-09,104722.96,0.023282,1,43.03,-2600.918661,116315.38951853,99928.34548147,103383.77714286,108932.79366667,0.0,22.0,17205.31124508232,4066.539080063951,11035.177995700527,0,0
2025-11-10,106011.13,0.012226,0,45.71,-2377.771791,116254.37029076,99760.71070924,103302.07571429,108778.35133333,0.0,29.0,17416.949321265212,4066.539080063951,11170.918861301745,0,0
2025-11-11,103058.99,-0.028243,0,40.96,-2411.342856,116320.90399926,99243.33200074,103525.18571429,108381.691,0.0,26.0,16931.931637091107,3949.3430263080204,10859.837219145838,1,1
2025-11-12,101654.37,-0.013723,0,38.89,-2522.214741,116246.82384987,98475.03115013,103206.50142857,107931.30333333,0.0,24.0,16701.16157214004,3945.3936832817126,10711.82543914725,0,0
2025-11-13,99692.02,-0.019493,0,36.14,-2736.87773,116133.27216807,97457.29583193,102970.21285714,107486.766,0.0,15.0,16378.760042219696,3945.3936832817126,10505.042881245306,0,0
2025-11-14,94594.0,-0.052492,1,30.17,-3280.551152,116455.72884462,95429.61215538,101720.91571429,106947.79,0.0,16.0,15541.188025217363,3739.8917135621687,9967.839214297377,1,1
2025-11-15,95596.24,0.010539,0,32.53,-3589.170145,115654.93023452,94334.09476548,100761.38714286,106527.85533333,0.0,10.0,15705.849634689357,3736.1518218486067,9957.87137508308,0,0
2025-11-16,94261.44,-0.014061,0,31.03,-3896.5432,114784.91108672,93219.49291328,99266.88428571,106122.18066667,0.0,10.0,15486.550548319607,3680.3003521402834,9809.011859200331,1,1
2025-11-17,92215.14,-0.021948,1,28.83,-4256.195101,114119.33105707,91816.74194293,97296.02857143,105623.185,0.0,14.0,15150.35657136544,3676.620051788143,9596.070268582984,0,0
2025-11-18,92960.83,0.008054,0,30.76,-4429.984767,113599.66541962,90630.36158038,95853.43428571,105100.45333333,0.0,11.0,15272.868659854399,3676.620051788143,9586.474198314401,0,0
2025-11-19,91554.96,-0.015239,0,29.15,-4627.809778,113289.16188652,89264.07311348,94410.66142857,104467.88233333,0.0,15.0,15041.893227913553,3676.620051788143,9586.474198314401,0,0
2025-11-20,86637.23,-0.05521,0,24.37,-5122.35986,113137.77153595,87118.38546405,92545.69142857,103745.86766667,0.0,11.0,14233.941702581584,3475.657079336082,9586.474198314401,1,1
2025-11-21,85129.43,-0.017557,0,23.12,-5571.733744,112631.84245322,85127.44754678,91193.61,102997.934,0.0,14.0,13986.219824825883,3415.1681215955937,9586.474198314401,1,1
2025-11-22,84739.74,-0.004588,1,22.8,-5891.39814,111574.60268477,83604.59331523,89642.68142857,102153.31933333,0.0,11.0,13922.196255027093,3399.534786974364,9533.048391734668,1,1
2025-11-23,86830.0,0.024368,1,28.61,-5907.964626,110702.22230793,82501.66969207,88581.04714286,101347.48966667,0.0,13.0,14265.612578277942,3396.1352521873896,9768.198390204185,0,0
2025-11-24,88300.01,0.016788,0,32.46,-5736.351079,110310.43249523,81573.73850477,88021.74285714,100569.281,0.0,19.0,14507.125801198525,3396.1352521873896,9933.571525244884,0,0
2025-11-25,87369.96,-0.010589,1,31.31,-5610.716521,109460.85271282,80771.79828718,87223.04714286,99662.96633333,0.0,20.0,14354.324546120473,3396.1352521873896,9828.94279194062,0,0
2025-11-26,90484.02,0.035022,1,39.1,-5199.930055,108746.10948749,80400.33951251,87070.05571429,98875.512,0.0,15.0,14865.944648683091,3396.1352521873896,10179.268208029522,0,0
2025-11-27,91333.95,0.009349,0,41.06,-4751.029661,107588.61067923,80357.32532077,87741.01571429,98156.69533333,0.0,22.0,15005.58270118402,3396.1352521873896,10274.88360429563,0,0
2025-11-28,90890.7,-0.004865,0,40.33,-4380.54326,106492.6648382,80311.0471618,88564.05428571,97519.009,0.0,25.0,14932.75956660701,3396.1352521873896,10264.608720691334,0,0
2025-11-29,90802.44,-0.000972,0,40.18,-4047.396099,104696.21724708,80715.44275292,89430.15428571,96934.99433333,0.0,28.0,14918.259014192421,3396.1352521873896,10244.386565034349,0,0
2025-11-30,90360.0,-0.004884,0,39.37,-3775.553553,102174.11276604,81672.43423396,89934.44,96293.394,0.0,28.0,14845.568957424792,3396.1352521873896,10234.142178469314,0,0
2025-12-01,86286.01,-0.046134,1,32.83,-3844.535905,100178.71184198,81990.53715802,89646.72571429,95499.65766667,0.0,24.0,14176.238507260348,3239.7733662158257,10234.142178469314,1,1
2025-12-02,91277.88,0.056241,1,44.91,-3456.557681,98185.31465908,82946.28534092,90205.0,94857.56433333,0.0,23.0,14996.37075949032,3236.5335928496097,10815.387695729487,0,0
2025-12-03,93429.95,0.023303,0,49.15,-2941.520067,96720.84607659,83784.54692341,90625.84714286,94419.128,0.0,28.0,15349.942069651952,3236.5335928496097,10804.572308033758,0,0
2025-12-04,92078.06,-0.014575,0,46.72,-2612.32205,96332.06022337,83921.73877663,90732.14857143,94105.156,0.0,26.0,15127.83520579789,3236.5335928496097,10637.58669673073,0,0
2025-12-05,89330.04,-0.030299,0,42.15,-2543.848594,95463.96684276,84163.21215724,90509.19714286,93619.98533333,0.0,28.0,14676.35312958737,3136.8010537503583,10626.949110034,1,1
2025-12-06,89236.79,-0.001044,1,42.0,-2468.650319,94812.70230716,84312.01169284,90285.53285714,93216.34366667,0.0,23.0,14661.032752149567,3133.664252696608,10605.239975787743,0,0
2025-12-07,90395.31,0.012899,1,44.64,-2289.183974,94589.54901319,84353.18198681,90290.57714286,92784.88466667,0.0,20.0,14851.370164152177,3133.664252696608,10594.634735811955,0,0
2025-12-08,90634.34,0.002641,1,45.19,-2103.420952,94239.72342052,84470.35857948,90911.76714286,92395.598,0.0,20.0,14890.64126140642,3133.664252696608,10612.02720688241,0,0
2025-12-09,92678.8,0.022307,0,49.82,-1770.818687,94426.58124578,84395.88475422,91111.89857143,91994.126,0.0,22.0,15226.532938151626,3133.664252696608,10851.405185950642,0,0
2025-12-10,92015.37,-0.007184,1,48.39,-1542.975788,94645.71365114,84714.56634886,90909.81571429,91527.60066667,0.0,26.0,15117.5356405263,3133.664252696608,10773.726712097772,0,0
2025-12-11,92513.38,0.005398,0,49.56,-1307.155332,94676.77351888,85421.90148112,90972.00428571,91176.08033333,0.0,29.0,15199.355492191718,3133.664252696608,10832.036792684221,0,0
2025-12-12,90268.42,-0.024566,0,44.65,-1286.584486,94220.17736427,86431.36563573,91106.05857143,90796.54866667,0.0,29.0,14830.522950285338,3133.664252696608,10569.18303771273,0,0
2025-12-13,90240.01,-0.000315,0,44.59,-1258.072119,94027.96055288,86964.58344712,91249.37571429,90481.48166667,0.0,23.0,14825.855369341552,3133.664252696608,10558.613854675017,0,0
2025-12-14,88172.17,-0.023182,0,40.33,-1386.352264,94038.72652408,86941.03347592,90931.78428571,90267.42066667,0.0,21.0,14486.12250841945,3133.664252696608,10558.613854675017,0,0
2025-12-15,86432.08,-0.019932,1,37.11,-1609.868363,94184.94831756,86701.02368244,90331.46142857,89961.94866667,0.0,16.0,14200.236872218418,3133.664252696608,10558.613854675017,0,0
2025-12-16,87863.42,0.016425,0,41.26,-1652.460767,94227.37596604,86396.53603396,89643.55,89748.68133333,0.0,11.0,14435.39686194308,3133.664252696608,10722.734056699768,0,0
2025-12-17,86243.22,-0.018612,0,38.19,-1796.246146,94337.95816457,85776.88083543,88818.95714286,89549.61733333,0.0,16.0,14169.208384466103,3133.664252696608,10712.011322643068,0,0
2025-12-18,85516.41,-0.008463,1,36.87,-1946.407612,94501.87947424,85075.53052576,87819.39,89301.47,0.0,17.0,14049.798158990829,3133.664252696608,10611.114699098609,0,0
2025-12-19,88136.94,0.030183,1,44.36,-1832.829073,94398.55775263,84912.30224737,87514.89285714,89187.536,0.0,16.0,14480.334445179411,3133.664252696608,10936.277371414119,0,0
2025-12-20,88360.9,0.002538,1,44.96,-1705.090342,94320.29251271,84790.65748729,87246.44857143,89244.99166667,0.0,20.0,14517.129638004828,3133.664252696608,10925.341094042704,0,0
2025-12-21,88658.86,0.003366,0,45.8,-1561.810021,94208.76898387,85139.46601613,87315.97571429,89362.63933333,0.0,20.0,14566.082556625395,3133.664252696608,10925.341094042704,0,0
2025-12-22,88620.79,-0.000429,0,45.71,-1434.791879,94033.57204601,85048.95395399,87628.64857143,89492.00766667,0.0,25.0,14559.827899584567,3133.664252696608,10909.729116917984,0,0
2025-12-23,87486.0,-0.012888,1,42.83,-1409.449893,93429.11872907,85059.01227093,87574.73142857,89513.87433333,0.0,24.0,14373.389174515998,3133.664252696608,10898.819387801066,0,0
2025-12-24,87669.45,0.002095,0,43.45,-1358.898767,93041.24838054,85006.02161946,87778.47857143,89492.85566667,0.0,24.0,14403.528833936532,3133.664252696608,10910.751524546535,0,0
2025-12-25,87225.27,-0.005079,1,42.25,-1339.24032,93011.76756912,84825.02543088,88022.60142857,89488.03266667,0.0,23.0,14330.552906319126,3133.664252696608,10855.471861993923,0,0
2025-12-26,87369.56,0.001653,1,42.8,-1297.066091,92972.64571511,84677.42428489,87912.97571429,89384.21733333,0.0,20.0,14354.258828683742,3133.664252696608,10873.429227273125,0,0
2025-12-27,87877.01,0.005791,1,44.8,-1208.761882,92798.63475023,84599.60524977,87843.84857143,89268.986,0.0,23.0,14437.629611856,3133.664252696608,10936.583049512585,0,0
2025-12-28,87952.71,0.000861,0,45.1,-1119.763863,92572.42891238,84557.64808762,87742.97,89171.053,0.0,24.0,14450.066636757252,3133.664252696608,10946.00416359974,0,0
2025-12-29,87237.13,-0.008169,1,42.68,-1094.358533,91836.39412019,84749.51587981,87545.30428571,89052.20933333,0.3988,24.0,14332.501428318184,3133.664252696608,10935.058159436141,0,0
2025-12-30,88485.49,0.014209,0,47.93,-962.398476,91201.1773973,85031.7446027,87688.08857143,88989.72566667,0.6842,23.0,14537.598976610469,3133.664252696608,10935.058159436141,0,0
2025-12-31,87648.22,-0.009507,1,44.96,-914.834232,90162.83047125,85583.57552875,87685.05571429,89035.13266667,0.0,21.0,14400.04088098206,3133.664252696608,10820.75654310987,0,0
2026-01-01,88839.04,0.013495,1,49.73,-772.14915,89853.43376107,85750.03423893,87915.59428571,88953.838,0.0,20.0,14595.684976000659,3133.664252696608,10967.771203609149,0,0
2026-01-02,89995.13,0.012929,1,53.91,-559.335719,89781.99117456,85796.98882544,88290.67571429,88839.344,0.0,28.0,14785.623154575133,3133.664252696608,10956.803432405539,0,0
2026-01-03,90628.01,0.007008,1,56.07,-335.7412,90272.78969397,85551.77430603,88683.67571429,88791.009,0.0,29.0,14889.601282970163,3133.664252696608,10956.803432405539,0,0
2026-01-04,91529.73,0.009901,1,59.0,-84.802118,90922.5463732,85411.7826268,89194.67857143,88864.332,0.0,25.0,15037.748100591776,3133.664252696608,11054.75433667054,0,0
2026-01-05,93859.71,0.025137,0,65.44,298.636332,92210.82033939,84723.13766061,90140.76142857,89018.42933333,0.5636,26.0,15420.54888367523,3133.664252696608,11043.69958233387,0,0
2026-01-06,93747.97,-0.001191,0,64.91,586.734077,93114.6582055,84569.7747945,90892.54428571,89130.18466667,0.8814,44.0,15402.19071772456,3133.664252696608,11019.521504131159,0,0
2026-01-07,91364.16,-0.025757,0,54.79,615.603774,93246.07069288,85023.13730712,91423.39285714,89154.512,-0.6389,42.0,15010.5460105931,3050.927903478696,11008.501982627027,1,1
2026-01-08,91099.99,-0.002896,0,53.79,610.133664,93455.93344577,85109.57955423,91746.38571429,89101.885,-0.9614,28.0,14967.144572440346,3047.8769755752173,10965.69536798423,0,0
2026-01-09,90641.28,-0.005048,0,52.01,562.302624,93588.46998703,85205.08101297,91838.69285714,89056.082,0.3212,27.0,14891.781458933701,3047.8769755752173,10954.729672616246,0,0
2026-01-10,90504.7,-0.001508,1,51.47,507.524886,93693.61538463,85284.51961537,91821.07714286,88989.126,0.0,25.0,14869.342240162065,3047.8769755752173,10927.284655276606,0,0
2026-01-11,91013.65,0.005608,1,53.43,499.424094,93845.28597593,85372.13502407,91747.35142857,89013.967,0.0,29.0,14952.95946372206,3047.8769755752173,10916.35737062133,0,0
2026-01-12,91296.2,0.0031,1,54.52,509.925479,93976.13841735,85622.30258265,91381.13571429,89049.17333333,0.0952,27.0,14999.380618092584,3047.8769755752173,10916.35737062133,0,0
2026-01-13,95414.0,0.044116,1,66.8,840.827413,94929.58663075,85443.30936925,91619.14,89290.56766667,0.5395,26.0,15675.908770514938,3047.8769755752173,11397.317181200347,0,0
2026-01-14,96951.78,0.015988,0,70.05,1213.170895,96084.91134822,85260.63565178,92417.37142857,89641.22433333,0.5512,48.0,15928.55617015359,3047.8769755752173,11385.919864019148,0,0
2026-01-15,95604.8,-0.013991,0,64.13,1383.616291,96688.21997393,85480.85102607,93060.91571429,89899.27033333,0.617,61.0,15707.255987835395,3047.8769755752173,11216.504151075538,0,0
2026-01-16,95550.94,-0.000564,0,63.9,1497.0919,97196.68669634,85739.77730366,93762.29571429,90209.52766667,0.0,49.0,15698.407134979629,3047.8769755752173,11205.287646924462,0,0
2026-01-17,95147.77,-0.004228,0,62.08,1536.774706,97530.50204866,86125.46795134,94425.59142857,90530.573,0.0,50.0,15632.168887563019,3047.8769755752173,11146.849771248682,0,0
2026-01-18,93673.14,-0.01562,0,55.83,1432.717819,97475.42090831,86824.15009169,94805.51857143,90715.113,0.0,49.0,15389.896628248196,3047.8769755752173,11135.702921477434,0,0
2026-01-19,92631.0,-0.011188,0,51.86,1251.730825,97397.24912538,87316.87287462,94996.20428571,90857.44966667,0.0,44.0,15218.679704462333,3047.8769755752173,11000.803282798643,0,0
2026-01-20,88427.66,-0.046439,1,39.61,760.357985,97292.9329846,87499.1330154,93998.15571429,90849.743,-0.0355,32.0,14528.097878195158,3047.8769755752173,10989.802479515844,0,0
2026-01-21,89454.73,0.011548,1,43.14,448.645726,97236.53026871,87617.10473129,92927.14857143,90877.541,-0.6455,24.0,14696.838897552198,3047.8769755752173,11106.329441996562,0,0
2026-01-22,89559.67,0.001172,1,43.51,207.68523,97264.78891123,87545.30008877,92063.55857143,90946.66333333,0.6304,20.0,14714.07986707845,3047.8769755752173,11095.223112554566,0,0
2026-01-23,89600.26,0.000453,0,43.66,19.769682,97313.22936592,87394.08463408,91213.46142857,91011.02366667,0.4711,24.0,14720.748543970678,3047.8769755752173,11089.151408968517,0,0
2026-01-24,89225.34,-0.004193,0,42.53,-157.591043,97382.25241929,87094.62258071,90367.4,91077.69266667,0.0,25.0,14659.15159052316,3047.8769755752173,11042.75037568747,0,0
2026-01-25,86670.36,-0.029053,1,35.77,-498.569035,97525.95478452,86231.98521548,89367.00285714,91054.386,0.0,25.0,14239.384749278792,2957.6399945812086,10726.539685373777,1,1
2026-01-26,88347.08,0.019161,1,42.26,-626.279894,97394.43701951,85823.41398049,88755.01428571,91070.055,0.0,20.0,14514.859100565793,2954.6823545866273,10715.813145688402,0,0
2026-01-27,89250.0,0.010168,1,45.45,-647.173361,97384.03050441,85622.40449559,88872.49142857,91113.298,0.0,29.0,14663.203070497599,2954.6823545866273,10814.504983406776,0,0
2026-01-28,89299.99,0.00056,0,45.63,-652.179885,97374.5567449,85451.8782551,88850.38571429,91182.06,0.0,29.0,14671.416107152996,2954.6823545866273,10803.690478423368,0,0
2026-01-29,84650.16,-0.053474,0,34.33,-1019.596735,97796.74020855,84430.58279145,88149.02714286,91054.21566667,0.0,26.0,13907.478835071295,2954.6823545866273,10230.903648045489,0,0
2026-01-30,84260.49,-0.004614,0,33.58,-1326.92439,98154.17963695,83448.72236305,87386.20285714,90941.29133333,0.0,16.0,13843.45855114434,2954.6823545866273,10220.672744397443,0,0
2026-01-31,78741.09,-0.067748,0,25.18,-1992.880537,99303.1534069,81072.4925931,85888.45285714,90604.693,0.0,20.0,12936.656500418238,2758.377672557014,9541.626514570695,1,1
2026-02-01,76968.21,-0.022773,1,23.17,-2633.356487,100309.35914973,78633.48785027,84502.43142857,90170.46233333,0.0,14.0,12645.383677341222,2696.271945951974,9532.084888056124,1,1
2026-02-02,78738.61,0.022741,0,29.23,-2963.915632,100098.47671353,77176.83128647,83129.79285714,89774.149,0.0,14.0,12936.24905231051,2693.575674006022,9532.084888056124,0,0
2026-02-03,75770.21,-0.038428,0,25.59,-3425.919343,99700.13654766,75457.01445234,81204.10857143,89248.83166667,0.0,17.0,12448.559954333312,2589.4374014966425,9163.558076934978,1,1
2026-02-04,73165.83,-0.034977,0,22.89,-3956.603056,99563.95508288,73349.29891712,78899.22857143,88559.03566667,0.0,14.0,12020.677009652722,2500.433042399448,9154.394518858044,1,1
2026-02-05,62909.86,-0.151026,1,15.82,-5145.431457,100946.02935987,68703.11664013,75793.47142857,87531.09866667,0.0,12.0,10335.686860689906,2149.9365569518354,9154.394518858044,1,1
2026-02-06,70580.26,0.115048,0,32.59,-5406.328564,100143.96164337,67048.43335663,73839.15285714,86838.302,0.0,9.0,11595.884427434385,2147.786620394884,10260.290290556868,0,0
2026-02-07,69289.38,-0.018459,1,31.46,-5652.100729,99385.3494693,65368.6695307,72488.90857143,86111.28166667,0.0,6.0,11383.801115617647,2106.396101348414,10250.030000266312,1,1
2026-02-08,70330.38,0.014912,0,33.47,-5697.20313,98363.58392754,64160.37307246,71540.64714286,85434.25166667,0.0,7.0,11554.83074470883,2104.2897052470657,10250.030000266312,0,0
2026-02-09,70138.0,-0.002739,0,33.27,-5682.960929,97788.39502478,62906.59597522,70311.98857143,84755.36166667,0.0,14.0,11523.223943513285,2104.2897052470657,10250.030000266312,0,0
2026-02-10,68841.29,-0.018661,0,31.93,-5710.480676,96927.13140518,61706.51559482,69322.14285714,84016.283,0.0,9.0,11310.182800056198,2063.3202518618273,10050.467114392713,1,1
2026-02-11,67082.52,-0.02588,0,30.14,-5807.265769,95919.4561418,60466.4758582,68453.09857143,83209.16033333,0.0,11.0,11021.228159559852,2010.6061647294246,10040.41664727832,1,1
2026-02-12,66272.17,-0.012153,1,29.33,-5881.558184,94662.37543384,59390.74756616,68933.42857143,82237.766,0.0,5.0,10888.092847423406,1986.3182473168333,9909.210308741227,1,1
2026-02-13,68853.96,0.038218,1,35.31,-5666.78343,93019.35554139,58996.62945861,68686.81428571,81301.172,0.0,9.0,11312.26439986464,1984.3319290695165,9899.301098432486,0,0
2026-02-14,69822.95,0.013975,0,37.46,-5356.635535,91613.06719169,58718.17680831,68763.03857143,80441.777,0.0,9.0,11471.463247408408,1984.3319290695165,9899.301098432486,0,0
2026-02-15,68832.58,-0.014286,1,36.14,-5131.601765,89629.27559256,58750.51840744,68549.06714286,79551.165,0.0,8.0,11308.751802871393,1954.2299425615445,9899.301098432486,1,1
2026-02-16,68892.43,0.000869,0,36.28,-4892.039105,87034.60256245,59309.43443755,68371.12857143,78675.987,0.0,12.0,11318.584774342196,1955.9291475319567,9898.000642496772,1,1
2026-02-17,67503.52,-0.020367,0,34.33,-4759.394067,83879.42465283,60284.96534717,68180.01857143,77803.66633333,0.0,10.0,11090.395761718728,1916.496519704798,9888.102641854275,1,1
2026-02-18,66461.0,-0.015564,1,32.89,-4684.395773,81617.39105891,60728.08294109,68091.23,76931.333,0.0,8.0,10919.116406367968,1886.8982713212667,9888.102641854275,1,1
2026-02-19,67003.73,0.008133,1,34.43,-4528.958296,78886.27837276,61733.51962724,68195.73857143,76217.202,0.0,9.0,11008.283467459856,1902.306951581783,9958.881447276799,1,1
2026-02-20,68020.01,0.015054,0,37.32,-4274.493968,77421.26461403,62126.42538597,68076.60285714,75502.71133333,0.0,7.0,11175.251758961092,1931.1602185380189,9948.922565829522,1,1
2026-02-21,67975.93,-0.000648,0,37.25,-4029.931501,76210.14236331,62438.31963669,67812.74285714,74783.25333333,0.0,8.0,11168.009697433388,1929.9087405915564,9932.532745089831,1,1
2026-02-22,67643.4,-0.004904,0,36.63,-3818.924194,74066.23037033,63472.71062967,67642.86,74051.358,0.0,9.0,11113.377149343387,1920.4678612463395,9883.944000313191,1,1
2026-02-23,64656.02,-0.045169,0,31.61,-3848.394092,72685.85623107,63741.66576893,67037.65857143,73232.38066667,0.0,5.0,10622.569758993324,1835.6529749554363,9874.060056312877,1,1
2026-02-24,64058.15,-0.00929,1,30.7,-3875.320033,71953.53444622,63563.21955378,66545.46285714,72478.64033333,0.0,8.0,10524.343549248133,1818.678811619422,9772.97251170274,1,1
2026-02-25,67988.04,0.059541,0,42.41,-3538.757166,71532.21799342,64492.35400658,66763.61142857,71800.00566667,0.0,11.0,11169.999292830404,1816.8601328078025,9763.199539191037,0,0
2026-02-26,67485.18,-0.007424,0,41.44,-3274.854781,71168.00978845,64547.05421155,66832.39,71074.51166667,0.0,11.0,11087.382617244628,1816.8601328078025,9681.296989881543,0,0
2026-02-27,65872.1,-0.024193,1,38.42,-3159.452118,71038.47384615,64334.86215385,66525.54571429,70293.582,0.0,13.0,10822.363910141456,1816.8601328078025,9449.887567124753,0,0
2026-02-28,66973.26,0.016578,0,41.55,-2945.18995,70641.58359772,64396.04040228,66382.30714286,69704.352,0.0,11.0,11003.277441716906,1816.8601328078025,9440.437679557628,0,0
2026-03-01,65776.47,-0.018031,1,39.22,-2839.227739,70258.15433595,64343.31666405,66115.60285714,69088.218,0.0,14.0,10806.652513955105,1816.8601328078025,9262.468441143163,0,0
2026-03-02,68830.06,0.045378,0,47.35,-2480.261816,70256.36530021,64343.98269979,66711.89428571,68757.85033333,0.0,10.0,11308.337783019986,1816.8601328078025,9692.466904228675,0,0
2026-03-03,68338.0,-0.007175,1,46.27,-2210.008266,70352.80687037,64373.08912963,67323.30142857,68470.17666667,0.0,14.0,11227.495478225936,1816.8601328078025,9623.176317166935,0,0
2026-03-04,72666.77,0.061418,0,55.77,-1627.770889,71448.38620939,63916.96979061,67991.69142857,68267.782,0.1481,10.0,11938.684649715884,1816.8601328078025,10232.74225334392,0,0
2026-03-05,71228.01,-0.019998,0,52.45,-1267.824786,71860.76401058,63741.99698942,68526.38142857,68116.37533333,-0.031,22.0,11702.30560153987,1816.8601328078025,10030.139877534164,0,0
2026-03-06,70511.85,-0.010105,0,50.83,-1028.497157,71978.2757364,63693.3752636,69189.20285714,68027.90933333,0.8762,18.0,11584.645102817547,1816.8601328078025,10020.10973765663,0,0
